
*** Running vivado
    with args -log kria_bd_wrapper.vds -m64 -product Vivado -mode batch -messageDb vivado.pb -notrace -source kria_bd_wrapper.tcl


****** Vivado v2024.2 (64-bit)
  **** SW Build 5239630 on Fri Nov 08 22:34:34 MST 2024
  **** IP Build 5239520 on Sun Nov 10 16:12:51 MST 2024
  **** SharedData Build 5239561 on Fri Nov 08 14:39:27 MST 2024
  **** Start of session at: Sat Jan  3 19:40:48 2026
    ** Copyright 1986-2022 Xilinx, Inc. All Rights Reserved.
    ** Copyright 2022-2024 Advanced Micro Devices, Inc. All Rights Reserved.

source kria_bd_wrapper.tcl -notrace
INFO: [IP_Flow 19-234] Refreshing IP repositories
INFO: [IP_Flow 19-1704] No user IP repositories specified
INFO: [IP_Flow 19-2313] Loaded Vivado IP repository '/opt/Xilinx/Vivado/2024.2/data/ip'.
Command: synth_design -top kria_bd_wrapper -part xck26-sfvc784-2LV-c -incremental_mode off
Starting synth_design
Attempting to get a license for feature 'Synthesis' and/or device 'xck26'
INFO: [Common 17-349] Got license for feature 'Synthesis' and/or device 'xck26'
INFO: [Device 21-403] Loading part xck26-sfvc784-2LV-c
INFO: [Synth 8-7079] Multithreading enabled for synth_design using a maximum of 7 processes.
INFO: [Synth 8-7078] Launching helper process for spawning children vivado processes
INFO: [Synth 8-7075] Helper process launched with PID 988310
---------------------------------------------------------------------------------
Starting RTL Elaboration : Time (s): cpu = 00:00:03 ; elapsed = 00:00:03 . Memory (MB): peak = 2599.691 ; gain = 117.688 ; free physical = 22514 ; free virtual = 49951
---------------------------------------------------------------------------------
INFO: [Synth 8-11241] undeclared symbol 'dp_audi_ref_clk', assumed default net type 'wire' [/home/randy/projects/Kria_KR260/Kria_KR260.gen/sources_1/bd/kria_bd/ip/kria_bd_zynq_ultra_ps_e_0_3/hdl/zynq_ultra_ps_e_v3_5_5.v:2470]
INFO: [Synth 8-638] synthesizing module 'kria_bd_wrapper' [/home/randy/projects/Kria_KR260/Kria_KR260.gen/sources_1/bd/kria_bd/hdl/kria_bd_wrapper.vhd:18]
INFO: [Synth 8-3491] module 'kria_bd' declared at '/home/randy/projects/Kria_KR260/Kria_KR260.gen/sources_1/bd/kria_bd/synth/kria_bd.vhd:15' bound to instance 'kria_bd_i' of component 'kria_bd' [/home/randy/projects/Kria_KR260/Kria_KR260.gen/sources_1/bd/kria_bd/hdl/kria_bd_wrapper.vhd:22]
INFO: [Synth 8-638] synthesizing module 'kria_bd' [/home/randy/projects/Kria_KR260/Kria_KR260.gen/sources_1/bd/kria_bd/synth/kria_bd.vhd:22]
INFO: [Synth 8-3491] module 'kria_bd_axi_intc_0_4' declared at '/home/randy/projects/Kria_KR260/Kria_KR260.gen/sources_1/bd/kria_bd/ip/kria_bd_axi_intc_0_4/synth/kria_bd_axi_intc_0_4.vhd:59' bound to instance 'axi_intc_0' of component 'kria_bd_axi_intc_0_4' [/home/randy/projects/Kria_KR260/Kria_KR260.gen/sources_1/bd/kria_bd/synth/kria_bd.vhd:273]
INFO: [Synth 8-638] synthesizing module 'kria_bd_axi_intc_0_4' [/home/randy/projects/Kria_KR260/Kria_KR260.gen/sources_1/bd/kria_bd/ip/kria_bd_axi_intc_0_4/synth/kria_bd_axi_intc_0_4.vhd:85]
	Parameter C_FAMILY bound to: zynquplus - type: string 
	Parameter C_INSTANCE bound to: kria_bd_axi_intc_0_4 - type: string 
	Parameter C_S_AXI_ADDR_WIDTH bound to: 9 - type: integer 
	Parameter C_S_AXI_DATA_WIDTH bound to: 32 - type: integer 
	Parameter C_NUM_INTR_INPUTS bound to: 1 - type: integer 
	Parameter C_NUM_SW_INTR bound to: 0 - type: integer 
	Parameter C_KIND_OF_INTR bound to: 32'b11111111111111111111111111111111 
	Parameter C_KIND_OF_EDGE bound to: 32'b11111111111111111111111111111111 
	Parameter C_KIND_OF_LVL bound to: 32'b11111111111111111111111111111111 
	Parameter C_ASYNC_INTR bound to: 32'b11111111111111111111111111111111 
	Parameter C_NUM_SYNC_FF bound to: 2 - type: integer 
	Parameter C_ADDR_WIDTH bound to: 32 - type: integer 
	Parameter C_IVAR_RESET_VALUE bound to: 64'b0000000000000000000000000000000000000000000000000000000000010000 
	Parameter C_ENABLE_ASYNC bound to: 0 - type: integer 
	Parameter C_HAS_IPR bound to: 1 - type: integer 
	Parameter C_HAS_SIE bound to: 1 - type: integer 
	Parameter C_HAS_CIE bound to: 1 - type: integer 
	Parameter C_HAS_IVR bound to: 1 - type: integer 
	Parameter C_HAS_ILR bound to: 0 - type: integer 
	Parameter C_IRQ_IS_LEVEL bound to: 1 - type: integer 
	Parameter C_IRQ_ACTIVE bound to: 1'b1 
	Parameter C_DISABLE_SYNCHRONIZERS bound to: 0 - type: integer 
	Parameter C_MB_CLK_NOT_CONNECTED bound to: 1 - type: integer 
	Parameter C_HAS_FAST bound to: 0 - type: integer 
	Parameter C_EN_CASCADE_MODE bound to: 0 - type: integer 
	Parameter C_CASCADE_MASTER bound to: 0 - type: integer 
INFO: [Synth 8-3491] module 'axi_intc' declared at '/home/randy/projects/Kria_KR260/Kria_KR260.gen/sources_1/bd/kria_bd/ipshared/99b7/hdl/axi_intc_v4_1_vh_rfs.vhd:3442' bound to instance 'U0' of component 'axi_intc' [/home/randy/projects/Kria_KR260/Kria_KR260.gen/sources_1/bd/kria_bd/ip/kria_bd_axi_intc_0_4/synth/kria_bd_axi_intc_0_4.vhd:191]
INFO: [Synth 8-638] synthesizing module 'axi_intc' [/home/randy/projects/Kria_KR260/Kria_KR260.gen/sources_1/bd/kria_bd/ipshared/99b7/hdl/axi_intc_v4_1_vh_rfs.vhd:3543]
INFO: [Synth 8-638] synthesizing module 'intc_core' [/home/randy/projects/Kria_KR260/Kria_KR260.gen/sources_1/bd/kria_bd/ipshared/99b7/hdl/axi_intc_v4_1_vh_rfs.vhd:786]
INFO: [Synth 8-256] done synthesizing module 'intc_core' (0#1) [/home/randy/projects/Kria_KR260/Kria_KR260.gen/sources_1/bd/kria_bd/ipshared/99b7/hdl/axi_intc_v4_1_vh_rfs.vhd:786]
INFO: [Synth 8-638] synthesizing module 'axi_lite_ipif' [/home/randy/projects/Kria_KR260/Kria_KR260.gen/sources_1/bd/kria_bd/ipshared/66ea/hdl/axi_lite_ipif_v3_0_vh_rfs.vhd:2948]
INFO: [Synth 8-638] synthesizing module 'slave_attachment' [/home/randy/projects/Kria_KR260/Kria_KR260.gen/sources_1/bd/kria_bd/ipshared/66ea/hdl/axi_lite_ipif_v3_0_vh_rfs.vhd:2341]
INFO: [Synth 8-638] synthesizing module 'address_decoder' [/home/randy/projects/Kria_KR260/Kria_KR260.gen/sources_1/bd/kria_bd/ipshared/66ea/hdl/axi_lite_ipif_v3_0_vh_rfs.vhd:1775]
INFO: [Synth 8-638] synthesizing module 'pselect_f' [/home/randy/projects/Kria_KR260/Kria_KR260.gen/sources_1/bd/kria_bd/ipshared/66ea/hdl/axi_lite_ipif_v3_0_vh_rfs.vhd:1534]
INFO: [Synth 8-256] done synthesizing module 'pselect_f' (0#1) [/home/randy/projects/Kria_KR260/Kria_KR260.gen/sources_1/bd/kria_bd/ipshared/66ea/hdl/axi_lite_ipif_v3_0_vh_rfs.vhd:1534]
INFO: [Synth 8-638] synthesizing module 'pselect_f__parameterized0' [/home/randy/projects/Kria_KR260/Kria_KR260.gen/sources_1/bd/kria_bd/ipshared/66ea/hdl/axi_lite_ipif_v3_0_vh_rfs.vhd:1534]
INFO: [Synth 8-256] done synthesizing module 'pselect_f__parameterized0' (0#1) [/home/randy/projects/Kria_KR260/Kria_KR260.gen/sources_1/bd/kria_bd/ipshared/66ea/hdl/axi_lite_ipif_v3_0_vh_rfs.vhd:1534]
INFO: [Synth 8-638] synthesizing module 'pselect_f__parameterized1' [/home/randy/projects/Kria_KR260/Kria_KR260.gen/sources_1/bd/kria_bd/ipshared/66ea/hdl/axi_lite_ipif_v3_0_vh_rfs.vhd:1534]
INFO: [Synth 8-256] done synthesizing module 'pselect_f__parameterized1' (0#1) [/home/randy/projects/Kria_KR260/Kria_KR260.gen/sources_1/bd/kria_bd/ipshared/66ea/hdl/axi_lite_ipif_v3_0_vh_rfs.vhd:1534]
INFO: [Synth 8-638] synthesizing module 'pselect_f__parameterized2' [/home/randy/projects/Kria_KR260/Kria_KR260.gen/sources_1/bd/kria_bd/ipshared/66ea/hdl/axi_lite_ipif_v3_0_vh_rfs.vhd:1534]
INFO: [Synth 8-256] done synthesizing module 'pselect_f__parameterized2' (0#1) [/home/randy/projects/Kria_KR260/Kria_KR260.gen/sources_1/bd/kria_bd/ipshared/66ea/hdl/axi_lite_ipif_v3_0_vh_rfs.vhd:1534]
INFO: [Synth 8-638] synthesizing module 'pselect_f__parameterized3' [/home/randy/projects/Kria_KR260/Kria_KR260.gen/sources_1/bd/kria_bd/ipshared/66ea/hdl/axi_lite_ipif_v3_0_vh_rfs.vhd:1534]
INFO: [Synth 8-256] done synthesizing module 'pselect_f__parameterized3' (0#1) [/home/randy/projects/Kria_KR260/Kria_KR260.gen/sources_1/bd/kria_bd/ipshared/66ea/hdl/axi_lite_ipif_v3_0_vh_rfs.vhd:1534]
INFO: [Synth 8-638] synthesizing module 'pselect_f__parameterized4' [/home/randy/projects/Kria_KR260/Kria_KR260.gen/sources_1/bd/kria_bd/ipshared/66ea/hdl/axi_lite_ipif_v3_0_vh_rfs.vhd:1534]
INFO: [Synth 8-256] done synthesizing module 'pselect_f__parameterized4' (0#1) [/home/randy/projects/Kria_KR260/Kria_KR260.gen/sources_1/bd/kria_bd/ipshared/66ea/hdl/axi_lite_ipif_v3_0_vh_rfs.vhd:1534]
INFO: [Synth 8-638] synthesizing module 'pselect_f__parameterized5' [/home/randy/projects/Kria_KR260/Kria_KR260.gen/sources_1/bd/kria_bd/ipshared/66ea/hdl/axi_lite_ipif_v3_0_vh_rfs.vhd:1534]
INFO: [Synth 8-256] done synthesizing module 'pselect_f__parameterized5' (0#1) [/home/randy/projects/Kria_KR260/Kria_KR260.gen/sources_1/bd/kria_bd/ipshared/66ea/hdl/axi_lite_ipif_v3_0_vh_rfs.vhd:1534]
INFO: [Synth 8-638] synthesizing module 'pselect_f__parameterized6' [/home/randy/projects/Kria_KR260/Kria_KR260.gen/sources_1/bd/kria_bd/ipshared/66ea/hdl/axi_lite_ipif_v3_0_vh_rfs.vhd:1534]
INFO: [Synth 8-256] done synthesizing module 'pselect_f__parameterized6' (0#1) [/home/randy/projects/Kria_KR260/Kria_KR260.gen/sources_1/bd/kria_bd/ipshared/66ea/hdl/axi_lite_ipif_v3_0_vh_rfs.vhd:1534]
INFO: [Synth 8-638] synthesizing module 'pselect_f__parameterized7' [/home/randy/projects/Kria_KR260/Kria_KR260.gen/sources_1/bd/kria_bd/ipshared/66ea/hdl/axi_lite_ipif_v3_0_vh_rfs.vhd:1534]
INFO: [Synth 8-256] done synthesizing module 'pselect_f__parameterized7' (0#1) [/home/randy/projects/Kria_KR260/Kria_KR260.gen/sources_1/bd/kria_bd/ipshared/66ea/hdl/axi_lite_ipif_v3_0_vh_rfs.vhd:1534]
INFO: [Synth 8-638] synthesizing module 'pselect_f__parameterized8' [/home/randy/projects/Kria_KR260/Kria_KR260.gen/sources_1/bd/kria_bd/ipshared/66ea/hdl/axi_lite_ipif_v3_0_vh_rfs.vhd:1534]
INFO: [Synth 8-256] done synthesizing module 'pselect_f__parameterized8' (0#1) [/home/randy/projects/Kria_KR260/Kria_KR260.gen/sources_1/bd/kria_bd/ipshared/66ea/hdl/axi_lite_ipif_v3_0_vh_rfs.vhd:1534]
INFO: [Synth 8-638] synthesizing module 'pselect_f__parameterized9' [/home/randy/projects/Kria_KR260/Kria_KR260.gen/sources_1/bd/kria_bd/ipshared/66ea/hdl/axi_lite_ipif_v3_0_vh_rfs.vhd:1534]
INFO: [Synth 8-256] done synthesizing module 'pselect_f__parameterized9' (0#1) [/home/randy/projects/Kria_KR260/Kria_KR260.gen/sources_1/bd/kria_bd/ipshared/66ea/hdl/axi_lite_ipif_v3_0_vh_rfs.vhd:1534]
INFO: [Synth 8-638] synthesizing module 'pselect_f__parameterized10' [/home/randy/projects/Kria_KR260/Kria_KR260.gen/sources_1/bd/kria_bd/ipshared/66ea/hdl/axi_lite_ipif_v3_0_vh_rfs.vhd:1534]
INFO: [Synth 8-256] done synthesizing module 'pselect_f__parameterized10' (0#1) [/home/randy/projects/Kria_KR260/Kria_KR260.gen/sources_1/bd/kria_bd/ipshared/66ea/hdl/axi_lite_ipif_v3_0_vh_rfs.vhd:1534]
INFO: [Synth 8-638] synthesizing module 'pselect_f__parameterized11' [/home/randy/projects/Kria_KR260/Kria_KR260.gen/sources_1/bd/kria_bd/ipshared/66ea/hdl/axi_lite_ipif_v3_0_vh_rfs.vhd:1534]
INFO: [Synth 8-256] done synthesizing module 'pselect_f__parameterized11' (0#1) [/home/randy/projects/Kria_KR260/Kria_KR260.gen/sources_1/bd/kria_bd/ipshared/66ea/hdl/axi_lite_ipif_v3_0_vh_rfs.vhd:1534]
INFO: [Synth 8-638] synthesizing module 'pselect_f__parameterized12' [/home/randy/projects/Kria_KR260/Kria_KR260.gen/sources_1/bd/kria_bd/ipshared/66ea/hdl/axi_lite_ipif_v3_0_vh_rfs.vhd:1534]
INFO: [Synth 8-256] done synthesizing module 'pselect_f__parameterized12' (0#1) [/home/randy/projects/Kria_KR260/Kria_KR260.gen/sources_1/bd/kria_bd/ipshared/66ea/hdl/axi_lite_ipif_v3_0_vh_rfs.vhd:1534]
INFO: [Synth 8-638] synthesizing module 'pselect_f__parameterized13' [/home/randy/projects/Kria_KR260/Kria_KR260.gen/sources_1/bd/kria_bd/ipshared/66ea/hdl/axi_lite_ipif_v3_0_vh_rfs.vhd:1534]
INFO: [Synth 8-256] done synthesizing module 'pselect_f__parameterized13' (0#1) [/home/randy/projects/Kria_KR260/Kria_KR260.gen/sources_1/bd/kria_bd/ipshared/66ea/hdl/axi_lite_ipif_v3_0_vh_rfs.vhd:1534]
INFO: [Synth 8-638] synthesizing module 'pselect_f__parameterized14' [/home/randy/projects/Kria_KR260/Kria_KR260.gen/sources_1/bd/kria_bd/ipshared/66ea/hdl/axi_lite_ipif_v3_0_vh_rfs.vhd:1534]
INFO: [Synth 8-256] done synthesizing module 'pselect_f__parameterized14' (0#1) [/home/randy/projects/Kria_KR260/Kria_KR260.gen/sources_1/bd/kria_bd/ipshared/66ea/hdl/axi_lite_ipif_v3_0_vh_rfs.vhd:1534]
INFO: [Synth 8-638] synthesizing module 'pselect_f__parameterized15' [/home/randy/projects/Kria_KR260/Kria_KR260.gen/sources_1/bd/kria_bd/ipshared/66ea/hdl/axi_lite_ipif_v3_0_vh_rfs.vhd:1534]
INFO: [Synth 8-256] done synthesizing module 'pselect_f__parameterized15' (0#1) [/home/randy/projects/Kria_KR260/Kria_KR260.gen/sources_1/bd/kria_bd/ipshared/66ea/hdl/axi_lite_ipif_v3_0_vh_rfs.vhd:1534]
INFO: [Synth 8-638] synthesizing module 'pselect_f__parameterized16' [/home/randy/projects/Kria_KR260/Kria_KR260.gen/sources_1/bd/kria_bd/ipshared/66ea/hdl/axi_lite_ipif_v3_0_vh_rfs.vhd:1534]
INFO: [Synth 8-256] done synthesizing module 'pselect_f__parameterized16' (0#1) [/home/randy/projects/Kria_KR260/Kria_KR260.gen/sources_1/bd/kria_bd/ipshared/66ea/hdl/axi_lite_ipif_v3_0_vh_rfs.vhd:1534]
INFO: [Synth 8-638] synthesizing module 'pselect_f__parameterized17' [/home/randy/projects/Kria_KR260/Kria_KR260.gen/sources_1/bd/kria_bd/ipshared/66ea/hdl/axi_lite_ipif_v3_0_vh_rfs.vhd:1534]
INFO: [Synth 8-256] done synthesizing module 'pselect_f__parameterized17' (0#1) [/home/randy/projects/Kria_KR260/Kria_KR260.gen/sources_1/bd/kria_bd/ipshared/66ea/hdl/axi_lite_ipif_v3_0_vh_rfs.vhd:1534]
INFO: [Synth 8-638] synthesizing module 'pselect_f__parameterized18' [/home/randy/projects/Kria_KR260/Kria_KR260.gen/sources_1/bd/kria_bd/ipshared/66ea/hdl/axi_lite_ipif_v3_0_vh_rfs.vhd:1534]
INFO: [Synth 8-256] done synthesizing module 'pselect_f__parameterized18' (0#1) [/home/randy/projects/Kria_KR260/Kria_KR260.gen/sources_1/bd/kria_bd/ipshared/66ea/hdl/axi_lite_ipif_v3_0_vh_rfs.vhd:1534]
INFO: [Synth 8-638] synthesizing module 'pselect_f__parameterized19' [/home/randy/projects/Kria_KR260/Kria_KR260.gen/sources_1/bd/kria_bd/ipshared/66ea/hdl/axi_lite_ipif_v3_0_vh_rfs.vhd:1534]
INFO: [Synth 8-256] done synthesizing module 'pselect_f__parameterized19' (0#1) [/home/randy/projects/Kria_KR260/Kria_KR260.gen/sources_1/bd/kria_bd/ipshared/66ea/hdl/axi_lite_ipif_v3_0_vh_rfs.vhd:1534]
INFO: [Synth 8-256] done synthesizing module 'address_decoder' (0#1) [/home/randy/projects/Kria_KR260/Kria_KR260.gen/sources_1/bd/kria_bd/ipshared/66ea/hdl/axi_lite_ipif_v3_0_vh_rfs.vhd:1775]
INFO: [Synth 8-226] default block is never used [/home/randy/projects/Kria_KR260/Kria_KR260.gen/sources_1/bd/kria_bd/ipshared/66ea/hdl/axi_lite_ipif_v3_0_vh_rfs.vhd:2550]
INFO: [Synth 8-256] done synthesizing module 'slave_attachment' (0#1) [/home/randy/projects/Kria_KR260/Kria_KR260.gen/sources_1/bd/kria_bd/ipshared/66ea/hdl/axi_lite_ipif_v3_0_vh_rfs.vhd:2341]
INFO: [Synth 8-256] done synthesizing module 'axi_lite_ipif' (0#1) [/home/randy/projects/Kria_KR260/Kria_KR260.gen/sources_1/bd/kria_bd/ipshared/66ea/hdl/axi_lite_ipif_v3_0_vh_rfs.vhd:2948]
INFO: [Synth 8-256] done synthesizing module 'axi_intc' (0#1) [/home/randy/projects/Kria_KR260/Kria_KR260.gen/sources_1/bd/kria_bd/ipshared/99b7/hdl/axi_intc_v4_1_vh_rfs.vhd:3543]
INFO: [Synth 8-256] done synthesizing module 'kria_bd_axi_intc_0_4' (0#1) [/home/randy/projects/Kria_KR260/Kria_KR260.gen/sources_1/bd/kria_bd/ip/kria_bd_axi_intc_0_4/synth/kria_bd_axi_intc_0_4.vhd:85]
INFO: [Synth 8-3491] module 'kria_bd_axi_smc_7' declared at '/home/randy/projects/Kria_KR260/Kria_KR260.gen/sources_1/bd/kria_bd/ip/kria_bd_axi_smc_7/synth/kria_bd_axi_smc_7.v:53' bound to instance 'axi_smc' of component 'kria_bd_axi_smc_7' [/home/randy/projects/Kria_KR260/Kria_KR260.gen/sources_1/bd/kria_bd/synth/kria_bd.vhd:297]
INFO: [Synth 8-6157] synthesizing module 'kria_bd_axi_smc_7' [/home/randy/projects/Kria_KR260/Kria_KR260.gen/sources_1/bd/kria_bd/ip/kria_bd_axi_smc_7/synth/kria_bd_axi_smc_7.v:53]
INFO: [Synth 8-6157] synthesizing module 'bd_9880' [/home/randy/projects/Kria_KR260/Kria_KR260.gen/sources_1/bd/kria_bd/ip/kria_bd_axi_smc_7/bd_0/synth/bd_9880.v:10]
INFO: [Synth 8-6157] synthesizing module 'clk_map_imp_1GMOILQ' [/home/randy/projects/Kria_KR260/Kria_KR260.gen/sources_1/bd/kria_bd/ip/kria_bd_axi_smc_7/bd_0/synth/bd_9880.v:664]
INFO: [Synth 8-6157] synthesizing module 'bd_9880_one_0' [/home/randy/projects/Kria_KR260/Kria_KR260.gen/sources_1/bd/kria_bd/ip/kria_bd_axi_smc_7/bd_0/ip/ip_0/synth/bd_9880_one_0.v:53]
INFO: [Synth 8-6157] synthesizing module 'xlconstant_v1_1_9_xlconstant' [/home/randy/projects/Kria_KR260/Kria_KR260.gen/sources_1/bd/kria_bd/ipshared/e2d2/hdl/xlconstant_v1_1_vl_rfs.v:68]
INFO: [Synth 8-6155] done synthesizing module 'xlconstant_v1_1_9_xlconstant' (0#1) [/home/randy/projects/Kria_KR260/Kria_KR260.gen/sources_1/bd/kria_bd/ipshared/e2d2/hdl/xlconstant_v1_1_vl_rfs.v:68]
INFO: [Synth 8-6155] done synthesizing module 'bd_9880_one_0' (0#1) [/home/randy/projects/Kria_KR260/Kria_KR260.gen/sources_1/bd/kria_bd/ip/kria_bd_axi_smc_7/bd_0/ip/ip_0/synth/bd_9880_one_0.v:53]
INFO: [Synth 8-638] synthesizing module 'bd_9880_psr_aclk_0' [/home/randy/projects/Kria_KR260/Kria_KR260.gen/sources_1/bd/kria_bd/ip/kria_bd_axi_smc_7/bd_0/ip/ip_1/synth/bd_9880_psr_aclk_0.vhd:74]
	Parameter C_FAMILY bound to: zynquplus - type: string 
	Parameter C_EXT_RST_WIDTH bound to: 4 - type: integer 
	Parameter C_AUX_RST_WIDTH bound to: 1 - type: integer 
	Parameter C_EXT_RESET_HIGH bound to: 1'b0 
	Parameter C_AUX_RESET_HIGH bound to: 1'b0 
	Parameter C_NUM_BUS_RST bound to: 1 - type: integer 
	Parameter C_NUM_PERP_RST bound to: 1 - type: integer 
	Parameter C_NUM_INTERCONNECT_ARESETN bound to: 1 - type: integer 
	Parameter C_NUM_PERP_ARESETN bound to: 1 - type: integer 
INFO: [Synth 8-3491] module 'proc_sys_reset' declared at '/home/randy/projects/Kria_KR260/Kria_KR260.gen/sources_1/bd/kria_bd/ipshared/0831/hdl/proc_sys_reset_v5_0_vh_rfs.vhd:1271' bound to instance 'U0' of component 'proc_sys_reset' [/home/randy/projects/Kria_KR260/Kria_KR260.gen/sources_1/bd/kria_bd/ip/kria_bd_axi_smc_7/bd_0/ip/ip_1/synth/bd_9880_psr_aclk_0.vhd:139]
INFO: [Synth 8-638] synthesizing module 'proc_sys_reset' [/home/randy/projects/Kria_KR260/Kria_KR260.gen/sources_1/bd/kria_bd/ipshared/0831/hdl/proc_sys_reset_v5_0_vh_rfs.vhd:1330]
	Parameter INIT bound to: 1'b1 
INFO: [Synth 8-113] binding component instance 'FDRE_inst' to cell 'FDRE' [/home/randy/projects/Kria_KR260/Kria_KR260.gen/sources_1/bd/kria_bd/ipshared/0831/hdl/proc_sys_reset_v5_0_vh_rfs.vhd:1399]
	Parameter INIT bound to: 1'b1 
INFO: [Synth 8-113] binding component instance 'FDRE_BSR' to cell 'FDRE' [/home/randy/projects/Kria_KR260/Kria_KR260.gen/sources_1/bd/kria_bd/ipshared/0831/hdl/proc_sys_reset_v5_0_vh_rfs.vhd:1415]
	Parameter INIT bound to: 1'b0 
INFO: [Synth 8-113] binding component instance 'FDRE_BSR_N' to cell 'FDRE' [/home/randy/projects/Kria_KR260/Kria_KR260.gen/sources_1/bd/kria_bd/ipshared/0831/hdl/proc_sys_reset_v5_0_vh_rfs.vhd:1441]
	Parameter INIT bound to: 1'b1 
INFO: [Synth 8-113] binding component instance 'FDRE_PER' to cell 'FDRE' [/home/randy/projects/Kria_KR260/Kria_KR260.gen/sources_1/bd/kria_bd/ipshared/0831/hdl/proc_sys_reset_v5_0_vh_rfs.vhd:1464]
	Parameter INIT bound to: 1'b0 
INFO: [Synth 8-113] binding component instance 'FDRE_PER_N' to cell 'FDRE' [/home/randy/projects/Kria_KR260/Kria_KR260.gen/sources_1/bd/kria_bd/ipshared/0831/hdl/proc_sys_reset_v5_0_vh_rfs.vhd:1488]
INFO: [Synth 8-638] synthesizing module 'lpf' [/home/randy/projects/Kria_KR260/Kria_KR260.gen/sources_1/bd/kria_bd/ipshared/0831/hdl/proc_sys_reset_v5_0_vh_rfs.vhd:821]
INFO: [Synth 8-3491] module 'SRL16' declared at '/opt/Xilinx/Vivado/2024.2/scripts/rt/data/unisim_comp.v:149029' bound to instance 'POR_SRL_I' of component 'SRL16' [/home/randy/projects/Kria_KR260/Kria_KR260.gen/sources_1/bd/kria_bd/ipshared/0831/hdl/proc_sys_reset_v5_0_vh_rfs.vhd:873]
INFO: [Synth 8-6157] synthesizing module 'SRL16' [/opt/Xilinx/Vivado/2024.2/scripts/rt/data/unisim_comp.v:149029]
INFO: [Synth 8-6155] done synthesizing module 'SRL16' (0#1) [/opt/Xilinx/Vivado/2024.2/scripts/rt/data/unisim_comp.v:149029]
INFO: [Synth 8-638] synthesizing module 'cdc_sync' [/home/randy/projects/Kria_KR260/Kria_KR260.gen/sources_1/bd/kria_bd/ipshared/2a4f/hdl/lib_cdc_v1_0_rfs.vhd:106]
	Parameter INIT bound to: 1'b0 
INFO: [Synth 8-113] binding component instance 'CROSS_PLEVEL_IN2SCNDRY_IN_cdc_to' to cell 'FDR' [/home/randy/projects/Kria_KR260/Kria_KR260.gen/sources_1/bd/kria_bd/ipshared/2a4f/hdl/lib_cdc_v1_0_rfs.vhd:514]
	Parameter INIT bound to: 1'b0 
INFO: [Synth 8-113] binding component instance 'CROSS_PLEVEL_IN2SCNDRY_s_level_out_d2' to cell 'FDR' [/home/randy/projects/Kria_KR260/Kria_KR260.gen/sources_1/bd/kria_bd/ipshared/2a4f/hdl/lib_cdc_v1_0_rfs.vhd:545]
	Parameter INIT bound to: 1'b0 
INFO: [Synth 8-113] binding component instance 'CROSS_PLEVEL_IN2SCNDRY_s_level_out_d3' to cell 'FDR' [/home/randy/projects/Kria_KR260/Kria_KR260.gen/sources_1/bd/kria_bd/ipshared/2a4f/hdl/lib_cdc_v1_0_rfs.vhd:554]
	Parameter INIT bound to: 1'b0 
INFO: [Synth 8-113] binding component instance 'CROSS_PLEVEL_IN2SCNDRY_s_level_out_d4' to cell 'FDR' [/home/randy/projects/Kria_KR260/Kria_KR260.gen/sources_1/bd/kria_bd/ipshared/2a4f/hdl/lib_cdc_v1_0_rfs.vhd:564]
	Parameter INIT bound to: 1'b0 
INFO: [Synth 8-113] binding component instance 'CROSS_PLEVEL_IN2SCNDRY_s_level_out_d5' to cell 'FDR' [/home/randy/projects/Kria_KR260/Kria_KR260.gen/sources_1/bd/kria_bd/ipshared/2a4f/hdl/lib_cdc_v1_0_rfs.vhd:574]
	Parameter INIT bound to: 1'b0 
INFO: [Synth 8-113] binding component instance 'CROSS_PLEVEL_IN2SCNDRY_s_level_out_d6' to cell 'FDR' [/home/randy/projects/Kria_KR260/Kria_KR260.gen/sources_1/bd/kria_bd/ipshared/2a4f/hdl/lib_cdc_v1_0_rfs.vhd:584]
INFO: [Synth 8-256] done synthesizing module 'cdc_sync' (0#1) [/home/randy/projects/Kria_KR260/Kria_KR260.gen/sources_1/bd/kria_bd/ipshared/2a4f/hdl/lib_cdc_v1_0_rfs.vhd:106]
INFO: [Synth 8-256] done synthesizing module 'lpf' (0#1) [/home/randy/projects/Kria_KR260/Kria_KR260.gen/sources_1/bd/kria_bd/ipshared/0831/hdl/proc_sys_reset_v5_0_vh_rfs.vhd:821]
INFO: [Synth 8-638] synthesizing module 'sequence_psr' [/home/randy/projects/Kria_KR260/Kria_KR260.gen/sources_1/bd/kria_bd/ipshared/0831/hdl/proc_sys_reset_v5_0_vh_rfs.vhd:304]
INFO: [Synth 8-638] synthesizing module 'upcnt_n' [/home/randy/projects/Kria_KR260/Kria_KR260.gen/sources_1/bd/kria_bd/ipshared/0831/hdl/proc_sys_reset_v5_0_vh_rfs.vhd:126]
INFO: [Synth 8-256] done synthesizing module 'upcnt_n' (0#1) [/home/randy/projects/Kria_KR260/Kria_KR260.gen/sources_1/bd/kria_bd/ipshared/0831/hdl/proc_sys_reset_v5_0_vh_rfs.vhd:126]
INFO: [Synth 8-256] done synthesizing module 'sequence_psr' (0#1) [/home/randy/projects/Kria_KR260/Kria_KR260.gen/sources_1/bd/kria_bd/ipshared/0831/hdl/proc_sys_reset_v5_0_vh_rfs.vhd:304]
INFO: [Synth 8-256] done synthesizing module 'proc_sys_reset' (0#1) [/home/randy/projects/Kria_KR260/Kria_KR260.gen/sources_1/bd/kria_bd/ipshared/0831/hdl/proc_sys_reset_v5_0_vh_rfs.vhd:1330]
INFO: [Synth 8-256] done synthesizing module 'bd_9880_psr_aclk_0' (0#1) [/home/randy/projects/Kria_KR260/Kria_KR260.gen/sources_1/bd/kria_bd/ip/kria_bd_axi_smc_7/bd_0/ip/ip_1/synth/bd_9880_psr_aclk_0.vhd:74]
WARNING: [Synth 8-7071] port 'mb_reset' of module 'bd_9880_psr_aclk_0' is unconnected for instance 'psr_aclk' [/home/randy/projects/Kria_KR260/Kria_KR260.gen/sources_1/bd/kria_bd/ip/kria_bd_axi_smc_7/bd_0/synth/bd_9880.v:696]
WARNING: [Synth 8-7071] port 'bus_struct_reset' of module 'bd_9880_psr_aclk_0' is unconnected for instance 'psr_aclk' [/home/randy/projects/Kria_KR260/Kria_KR260.gen/sources_1/bd/kria_bd/ip/kria_bd_axi_smc_7/bd_0/synth/bd_9880.v:696]
WARNING: [Synth 8-7071] port 'peripheral_reset' of module 'bd_9880_psr_aclk_0' is unconnected for instance 'psr_aclk' [/home/randy/projects/Kria_KR260/Kria_KR260.gen/sources_1/bd/kria_bd/ip/kria_bd_axi_smc_7/bd_0/synth/bd_9880.v:696]
WARNING: [Synth 8-7071] port 'peripheral_aresetn' of module 'bd_9880_psr_aclk_0' is unconnected for instance 'psr_aclk' [/home/randy/projects/Kria_KR260/Kria_KR260.gen/sources_1/bd/kria_bd/ip/kria_bd_axi_smc_7/bd_0/synth/bd_9880.v:696]
WARNING: [Synth 8-7023] instance 'psr_aclk' of module 'bd_9880_psr_aclk_0' has 10 connections declared, but only 6 given [/home/randy/projects/Kria_KR260/Kria_KR260.gen/sources_1/bd/kria_bd/ip/kria_bd_axi_smc_7/bd_0/synth/bd_9880.v:696]
INFO: [Synth 8-6155] done synthesizing module 'clk_map_imp_1GMOILQ' (0#1) [/home/randy/projects/Kria_KR260/Kria_KR260.gen/sources_1/bd/kria_bd/ip/kria_bd_axi_smc_7/bd_0/synth/bd_9880.v:664]
INFO: [Synth 8-6157] synthesizing module 'm00_exit_pipeline_imp_J5AD4L' [/home/randy/projects/Kria_KR260/Kria_KR260.gen/sources_1/bd/kria_bd/ip/kria_bd_axi_smc_7/bd_0/synth/bd_9880.v:705]
INFO: [Synth 8-6157] synthesizing module 'bd_9880_m00e_0' [/home/randy/projects/Kria_KR260/Kria_KR260.gen/sources_1/bd/kria_bd/ip/kria_bd_axi_smc_7/bd_0/ip/ip_12/synth/bd_9880_m00e_0.sv:53]
INFO: [Synth 8-6157] synthesizing module 'xpm_cdc_async_rst' [/opt/Xilinx/Vivado/2024.2/data/ip/xpm/xpm_cdc/hdl/xpm_cdc.sv:1175]
INFO: [Synth 8-6155] done synthesizing module 'xpm_cdc_async_rst' (0#1) [/opt/Xilinx/Vivado/2024.2/data/ip/xpm/xpm_cdc/hdl/xpm_cdc.sv:1175]
INFO: [Synth 8-6155] done synthesizing module 'bd_9880_m00e_0' (0#1) [/home/randy/projects/Kria_KR260/Kria_KR260.gen/sources_1/bd/kria_bd/ip/kria_bd_axi_smc_7/bd_0/ip/ip_12/synth/bd_9880_m00e_0.sv:53]
INFO: [Synth 8-6155] done synthesizing module 'm00_exit_pipeline_imp_J5AD4L' (0#1) [/home/randy/projects/Kria_KR260/Kria_KR260.gen/sources_1/bd/kria_bd/ip/kria_bd_axi_smc_7/bd_0/synth/bd_9880.v:705]
INFO: [Synth 8-6157] synthesizing module 'bd_9880_m00s2a_0' [/home/randy/projects/Kria_KR260/Kria_KR260.gen/sources_1/bd/kria_bd/ip/kria_bd_axi_smc_7/bd_0/ip/ip_11/synth/bd_9880_m00s2a_0.sv:53]
INFO: [Synth 8-6155] done synthesizing module 'bd_9880_m00s2a_0' (0#1) [/home/randy/projects/Kria_KR260/Kria_KR260.gen/sources_1/bd/kria_bd/ip/kria_bd_axi_smc_7/bd_0/ip/ip_11/synth/bd_9880_m00s2a_0.sv:53]
INFO: [Synth 8-6157] synthesizing module 'bd_9880_s00a2s_0' [/home/randy/projects/Kria_KR260/Kria_KR260.gen/sources_1/bd/kria_bd/ip/kria_bd_axi_smc_7/bd_0/ip/ip_5/synth/bd_9880_s00a2s_0.sv:53]
INFO: [Synth 8-6155] done synthesizing module 'bd_9880_s00a2s_0' (0#1) [/home/randy/projects/Kria_KR260/Kria_KR260.gen/sources_1/bd/kria_bd/ip/kria_bd_axi_smc_7/bd_0/ip/ip_5/synth/bd_9880_s00a2s_0.sv:53]
INFO: [Synth 8-6157] synthesizing module 's00_entry_pipeline_imp_1IZC8OM' [/home/randy/projects/Kria_KR260/Kria_KR260.gen/sources_1/bd/kria_bd/ip/kria_bd_axi_smc_7/bd_0/synth/bd_9880.v:947]
INFO: [Synth 8-6157] synthesizing module 'bd_9880_s00mmu_0' [/home/randy/projects/Kria_KR260/Kria_KR260.gen/sources_1/bd/kria_bd/ip/kria_bd_axi_smc_7/bd_0/ip/ip_2/synth/bd_9880_s00mmu_0.sv:53]
INFO: [Synth 8-6155] done synthesizing module 'bd_9880_s00mmu_0' (0#1) [/home/randy/projects/Kria_KR260/Kria_KR260.gen/sources_1/bd/kria_bd/ip/kria_bd_axi_smc_7/bd_0/ip/ip_2/synth/bd_9880_s00mmu_0.sv:53]
INFO: [Synth 8-6157] synthesizing module 'bd_9880_s00sic_0' [/home/randy/projects/Kria_KR260/Kria_KR260.gen/sources_1/bd/kria_bd/ip/kria_bd_axi_smc_7/bd_0/ip/ip_4/synth/bd_9880_s00sic_0.sv:53]
INFO: [Synth 8-6155] done synthesizing module 'bd_9880_s00sic_0' (0#1) [/home/randy/projects/Kria_KR260/Kria_KR260.gen/sources_1/bd/kria_bd/ip/kria_bd_axi_smc_7/bd_0/ip/ip_4/synth/bd_9880_s00sic_0.sv:53]
INFO: [Synth 8-6157] synthesizing module 'bd_9880_s00tr_0' [/home/randy/projects/Kria_KR260/Kria_KR260.gen/sources_1/bd/kria_bd/ip/kria_bd_axi_smc_7/bd_0/ip/ip_3/synth/bd_9880_s00tr_0.sv:53]
INFO: [Synth 8-6155] done synthesizing module 'bd_9880_s00tr_0' (0#1) [/home/randy/projects/Kria_KR260/Kria_KR260.gen/sources_1/bd/kria_bd/ip/kria_bd_axi_smc_7/bd_0/ip/ip_3/synth/bd_9880_s00tr_0.sv:53]
INFO: [Synth 8-6155] done synthesizing module 's00_entry_pipeline_imp_1IZC8OM' (0#1) [/home/randy/projects/Kria_KR260/Kria_KR260.gen/sources_1/bd/kria_bd/ip/kria_bd_axi_smc_7/bd_0/synth/bd_9880.v:947]
INFO: [Synth 8-6157] synthesizing module 's00_nodes_imp_1MPA5T8' [/home/randy/projects/Kria_KR260/Kria_KR260.gen/sources_1/bd/kria_bd/ip/kria_bd_axi_smc_7/bd_0/synth/bd_9880.v:1527]
INFO: [Synth 8-6157] synthesizing module 'bd_9880_sarn_0' [/home/randy/projects/Kria_KR260/Kria_KR260.gen/sources_1/bd/kria_bd/ip/kria_bd_axi_smc_7/bd_0/ip/ip_6/synth/bd_9880_sarn_0.sv:53]
INFO: [Synth 8-6155] done synthesizing module 'bd_9880_sarn_0' (0#1) [/home/randy/projects/Kria_KR260/Kria_KR260.gen/sources_1/bd/kria_bd/ip/kria_bd_axi_smc_7/bd_0/ip/ip_6/synth/bd_9880_sarn_0.sv:53]
INFO: [Synth 8-6157] synthesizing module 'bd_9880_sawn_0' [/home/randy/projects/Kria_KR260/Kria_KR260.gen/sources_1/bd/kria_bd/ip/kria_bd_axi_smc_7/bd_0/ip/ip_8/synth/bd_9880_sawn_0.sv:53]
INFO: [Synth 8-6155] done synthesizing module 'bd_9880_sawn_0' (0#1) [/home/randy/projects/Kria_KR260/Kria_KR260.gen/sources_1/bd/kria_bd/ip/kria_bd_axi_smc_7/bd_0/ip/ip_8/synth/bd_9880_sawn_0.sv:53]
INFO: [Synth 8-6157] synthesizing module 'bd_9880_sbn_0' [/home/randy/projects/Kria_KR260/Kria_KR260.gen/sources_1/bd/kria_bd/ip/kria_bd_axi_smc_7/bd_0/ip/ip_10/synth/bd_9880_sbn_0.sv:53]
INFO: [Synth 8-6155] done synthesizing module 'bd_9880_sbn_0' (0#1) [/home/randy/projects/Kria_KR260/Kria_KR260.gen/sources_1/bd/kria_bd/ip/kria_bd_axi_smc_7/bd_0/ip/ip_10/synth/bd_9880_sbn_0.sv:53]
INFO: [Synth 8-6157] synthesizing module 'bd_9880_srn_0' [/home/randy/projects/Kria_KR260/Kria_KR260.gen/sources_1/bd/kria_bd/ip/kria_bd_axi_smc_7/bd_0/ip/ip_7/synth/bd_9880_srn_0.sv:53]
INFO: [Synth 8-6155] done synthesizing module 'bd_9880_srn_0' (0#1) [/home/randy/projects/Kria_KR260/Kria_KR260.gen/sources_1/bd/kria_bd/ip/kria_bd_axi_smc_7/bd_0/ip/ip_7/synth/bd_9880_srn_0.sv:53]
INFO: [Synth 8-6157] synthesizing module 'bd_9880_swn_0' [/home/randy/projects/Kria_KR260/Kria_KR260.gen/sources_1/bd/kria_bd/ip/kria_bd_axi_smc_7/bd_0/ip/ip_9/synth/bd_9880_swn_0.sv:53]
INFO: [Synth 8-6155] done synthesizing module 'bd_9880_swn_0' (0#1) [/home/randy/projects/Kria_KR260/Kria_KR260.gen/sources_1/bd/kria_bd/ip/kria_bd_axi_smc_7/bd_0/ip/ip_9/synth/bd_9880_swn_0.sv:53]
INFO: [Synth 8-6155] done synthesizing module 's00_nodes_imp_1MPA5T8' (0#1) [/home/randy/projects/Kria_KR260/Kria_KR260.gen/sources_1/bd/kria_bd/ip/kria_bd_axi_smc_7/bd_0/synth/bd_9880.v:1527]
INFO: [Synth 8-6155] done synthesizing module 'bd_9880' (0#1) [/home/randy/projects/Kria_KR260/Kria_KR260.gen/sources_1/bd/kria_bd/ip/kria_bd_axi_smc_7/bd_0/synth/bd_9880.v:10]
INFO: [Synth 8-6155] done synthesizing module 'kria_bd_axi_smc_7' (0#1) [/home/randy/projects/Kria_KR260/Kria_KR260.gen/sources_1/bd/kria_bd/ip/kria_bd_axi_smc_7/synth/kria_bd_axi_smc_7.v:53]
INFO: [Synth 8-3491] module 'kria_bd_clk_wiz_0_5' declared at '/home/randy/projects/Kria_KR260/Kria_KR260.gen/sources_1/bd/kria_bd/ip/kria_bd_clk_wiz_0_5/kria_bd_clk_wiz_0_5.v:66' bound to instance 'clk_wiz_0' of component 'kria_bd_clk_wiz_0_5' [/home/randy/projects/Kria_KR260/Kria_KR260.gen/sources_1/bd/kria_bd/synth/kria_bd.vhd:360]
INFO: [Synth 8-6157] synthesizing module 'kria_bd_clk_wiz_0_5' [/home/randy/projects/Kria_KR260/Kria_KR260.gen/sources_1/bd/kria_bd/ip/kria_bd_clk_wiz_0_5/kria_bd_clk_wiz_0_5.v:66]
INFO: [Synth 8-6157] synthesizing module 'kria_bd_clk_wiz_0_5_clk_wiz' [/home/randy/projects/Kria_KR260/Kria_KR260.gen/sources_1/bd/kria_bd/ip/kria_bd_clk_wiz_0_5/kria_bd_clk_wiz_0_5_clk_wiz.v:66]
INFO: [Synth 8-6157] synthesizing module 'IBUF' [/opt/Xilinx/Vivado/2024.2/scripts/rt/data/unisim_comp.v:75825]
INFO: [Synth 8-6155] done synthesizing module 'IBUF' (0#1) [/opt/Xilinx/Vivado/2024.2/scripts/rt/data/unisim_comp.v:75825]
INFO: [Synth 8-6157] synthesizing module 'MMCME4_ADV' [/opt/Xilinx/Vivado/2024.2/scripts/rt/data/unisim_comp.v:84981]
	Parameter BANDWIDTH bound to: OPTIMIZED - type: string 
	Parameter CLKFBOUT_MULT_F bound to: 12.000000 - type: double 
	Parameter CLKFBOUT_PHASE bound to: 0.000000 - type: double 
	Parameter CLKFBOUT_USE_FINE_PS bound to: FALSE - type: string 
	Parameter CLKIN1_PERIOD bound to: 10.000000 - type: double 
	Parameter CLKOUT0_DIVIDE_F bound to: 12.000000 - type: double 
	Parameter CLKOUT0_DUTY_CYCLE bound to: 0.500000 - type: double 
	Parameter CLKOUT0_PHASE bound to: 0.000000 - type: double 
	Parameter CLKOUT0_USE_FINE_PS bound to: FALSE - type: string 
	Parameter CLKOUT1_DIVIDE bound to: 6 - type: integer 
	Parameter CLKOUT1_DUTY_CYCLE bound to: 0.500000 - type: double 
	Parameter CLKOUT1_PHASE bound to: 0.000000 - type: double 
	Parameter CLKOUT1_USE_FINE_PS bound to: FALSE - type: string 
	Parameter CLKOUT4_CASCADE bound to: FALSE - type: string 
	Parameter COMPENSATION bound to: AUTO - type: string 
	Parameter DIVCLK_DIVIDE bound to: 1 - type: integer 
	Parameter STARTUP_WAIT bound to: FALSE - type: string 
INFO: [Synth 8-6155] done synthesizing module 'MMCME4_ADV' (0#1) [/opt/Xilinx/Vivado/2024.2/scripts/rt/data/unisim_comp.v:84981]
INFO: [Synth 8-6157] synthesizing module 'BUFG' [/opt/Xilinx/Vivado/2024.2/scripts/rt/data/unisim_comp.v:2676]
INFO: [Synth 8-6155] done synthesizing module 'BUFG' (0#1) [/opt/Xilinx/Vivado/2024.2/scripts/rt/data/unisim_comp.v:2676]
INFO: [Synth 8-6155] done synthesizing module 'kria_bd_clk_wiz_0_5_clk_wiz' (0#1) [/home/randy/projects/Kria_KR260/Kria_KR260.gen/sources_1/bd/kria_bd/ip/kria_bd_clk_wiz_0_5/kria_bd_clk_wiz_0_5_clk_wiz.v:66]
INFO: [Synth 8-6155] done synthesizing module 'kria_bd_clk_wiz_0_5' (0#1) [/home/randy/projects/Kria_KR260/Kria_KR260.gen/sources_1/bd/kria_bd/ip/kria_bd_clk_wiz_0_5/kria_bd_clk_wiz_0_5.v:66]
INFO: [Synth 8-3491] module 'kria_bd_proc_sys_reset_0_6' declared at '/home/randy/projects/Kria_KR260/Kria_KR260.gen/sources_1/bd/kria_bd/ip/kria_bd_proc_sys_reset_0_6/synth/kria_bd_proc_sys_reset_0_6.vhd:59' bound to instance 'proc_sys_reset_0' of component 'kria_bd_proc_sys_reset_0_6' [/home/randy/projects/Kria_KR260/Kria_KR260.gen/sources_1/bd/kria_bd/synth/kria_bd.vhd:368]
INFO: [Synth 8-638] synthesizing module 'kria_bd_proc_sys_reset_0_6' [/home/randy/projects/Kria_KR260/Kria_KR260.gen/sources_1/bd/kria_bd/ip/kria_bd_proc_sys_reset_0_6/synth/kria_bd_proc_sys_reset_0_6.vhd:74]
	Parameter C_FAMILY bound to: zynquplus - type: string 
	Parameter C_EXT_RST_WIDTH bound to: 4 - type: integer 
	Parameter C_AUX_RST_WIDTH bound to: 4 - type: integer 
	Parameter C_EXT_RESET_HIGH bound to: 1'b0 
	Parameter C_AUX_RESET_HIGH bound to: 1'b0 
	Parameter C_NUM_BUS_RST bound to: 1 - type: integer 
	Parameter C_NUM_PERP_RST bound to: 1 - type: integer 
	Parameter C_NUM_INTERCONNECT_ARESETN bound to: 1 - type: integer 
	Parameter C_NUM_PERP_ARESETN bound to: 1 - type: integer 
INFO: [Synth 8-3491] module 'proc_sys_reset' declared at '/home/randy/projects/Kria_KR260/Kria_KR260.gen/sources_1/bd/kria_bd/ipshared/0831/hdl/proc_sys_reset_v5_0_vh_rfs.vhd:1271' bound to instance 'U0' of component 'proc_sys_reset' [/home/randy/projects/Kria_KR260/Kria_KR260.gen/sources_1/bd/kria_bd/ip/kria_bd_proc_sys_reset_0_6/synth/kria_bd_proc_sys_reset_0_6.vhd:139]
INFO: [Synth 8-638] synthesizing module 'proc_sys_reset__parameterized1' [/home/randy/projects/Kria_KR260/Kria_KR260.gen/sources_1/bd/kria_bd/ipshared/0831/hdl/proc_sys_reset_v5_0_vh_rfs.vhd:1330]
	Parameter INIT bound to: 1'b1 
INFO: [Synth 8-113] binding component instance 'FDRE_inst' to cell 'FDRE' [/home/randy/projects/Kria_KR260/Kria_KR260.gen/sources_1/bd/kria_bd/ipshared/0831/hdl/proc_sys_reset_v5_0_vh_rfs.vhd:1399]
	Parameter INIT bound to: 1'b1 
INFO: [Synth 8-113] binding component instance 'FDRE_BSR' to cell 'FDRE' [/home/randy/projects/Kria_KR260/Kria_KR260.gen/sources_1/bd/kria_bd/ipshared/0831/hdl/proc_sys_reset_v5_0_vh_rfs.vhd:1415]
	Parameter INIT bound to: 1'b0 
INFO: [Synth 8-113] binding component instance 'FDRE_BSR_N' to cell 'FDRE' [/home/randy/projects/Kria_KR260/Kria_KR260.gen/sources_1/bd/kria_bd/ipshared/0831/hdl/proc_sys_reset_v5_0_vh_rfs.vhd:1441]
	Parameter INIT bound to: 1'b1 
INFO: [Synth 8-113] binding component instance 'FDRE_PER' to cell 'FDRE' [/home/randy/projects/Kria_KR260/Kria_KR260.gen/sources_1/bd/kria_bd/ipshared/0831/hdl/proc_sys_reset_v5_0_vh_rfs.vhd:1464]
	Parameter INIT bound to: 1'b0 
INFO: [Synth 8-113] binding component instance 'FDRE_PER_N' to cell 'FDRE' [/home/randy/projects/Kria_KR260/Kria_KR260.gen/sources_1/bd/kria_bd/ipshared/0831/hdl/proc_sys_reset_v5_0_vh_rfs.vhd:1488]
INFO: [Synth 8-638] synthesizing module 'lpf__parameterized0' [/home/randy/projects/Kria_KR260/Kria_KR260.gen/sources_1/bd/kria_bd/ipshared/0831/hdl/proc_sys_reset_v5_0_vh_rfs.vhd:821]
INFO: [Synth 8-3491] module 'SRL16' declared at '/opt/Xilinx/Vivado/2024.2/scripts/rt/data/unisim_comp.v:149029' bound to instance 'POR_SRL_I' of component 'SRL16' [/home/randy/projects/Kria_KR260/Kria_KR260.gen/sources_1/bd/kria_bd/ipshared/0831/hdl/proc_sys_reset_v5_0_vh_rfs.vhd:873]
INFO: [Synth 8-256] done synthesizing module 'lpf__parameterized0' (0#1) [/home/randy/projects/Kria_KR260/Kria_KR260.gen/sources_1/bd/kria_bd/ipshared/0831/hdl/proc_sys_reset_v5_0_vh_rfs.vhd:821]
INFO: [Synth 8-256] done synthesizing module 'proc_sys_reset__parameterized1' (0#1) [/home/randy/projects/Kria_KR260/Kria_KR260.gen/sources_1/bd/kria_bd/ipshared/0831/hdl/proc_sys_reset_v5_0_vh_rfs.vhd:1330]
INFO: [Synth 8-256] done synthesizing module 'kria_bd_proc_sys_reset_0_6' (0#1) [/home/randy/projects/Kria_KR260/Kria_KR260.gen/sources_1/bd/kria_bd/ip/kria_bd_proc_sys_reset_0_6/synth/kria_bd_proc_sys_reset_0_6.vhd:74]
INFO: [Synth 8-3491] module 'kria_bd_proc_sys_reset_1_1' declared at '/home/randy/projects/Kria_KR260/Kria_KR260.gen/sources_1/bd/kria_bd/ip/kria_bd_proc_sys_reset_1_1/synth/kria_bd_proc_sys_reset_1_1.vhd:59' bound to instance 'proc_sys_reset_1' of component 'kria_bd_proc_sys_reset_1_1' [/home/randy/projects/Kria_KR260/Kria_KR260.gen/sources_1/bd/kria_bd/synth/kria_bd.vhd:381]
INFO: [Synth 8-638] synthesizing module 'kria_bd_proc_sys_reset_1_1' [/home/randy/projects/Kria_KR260/Kria_KR260.gen/sources_1/bd/kria_bd/ip/kria_bd_proc_sys_reset_1_1/synth/kria_bd_proc_sys_reset_1_1.vhd:74]
	Parameter C_FAMILY bound to: zynquplus - type: string 
	Parameter C_EXT_RST_WIDTH bound to: 4 - type: integer 
	Parameter C_AUX_RST_WIDTH bound to: 4 - type: integer 
	Parameter C_EXT_RESET_HIGH bound to: 1'b0 
	Parameter C_AUX_RESET_HIGH bound to: 1'b0 
	Parameter C_NUM_BUS_RST bound to: 1 - type: integer 
	Parameter C_NUM_PERP_RST bound to: 1 - type: integer 
	Parameter C_NUM_INTERCONNECT_ARESETN bound to: 1 - type: integer 
	Parameter C_NUM_PERP_ARESETN bound to: 1 - type: integer 
INFO: [Synth 8-3491] module 'proc_sys_reset' declared at '/home/randy/projects/Kria_KR260/Kria_KR260.gen/sources_1/bd/kria_bd/ipshared/0831/hdl/proc_sys_reset_v5_0_vh_rfs.vhd:1271' bound to instance 'U0' of component 'proc_sys_reset' [/home/randy/projects/Kria_KR260/Kria_KR260.gen/sources_1/bd/kria_bd/ip/kria_bd_proc_sys_reset_1_1/synth/kria_bd_proc_sys_reset_1_1.vhd:139]
INFO: [Synth 8-256] done synthesizing module 'kria_bd_proc_sys_reset_1_1' (0#1) [/home/randy/projects/Kria_KR260/Kria_KR260.gen/sources_1/bd/kria_bd/ip/kria_bd_proc_sys_reset_1_1/synth/kria_bd_proc_sys_reset_1_1.vhd:74]
INFO: [Synth 8-3491] module 'kria_bd_zynq_ultra_ps_e_0_3' declared at '/home/randy/projects/Kria_KR260/Kria_KR260.gen/sources_1/bd/kria_bd/ip/kria_bd_zynq_ultra_ps_e_0_3/synth/kria_bd_zynq_ultra_ps_e_0_3.vhd:56' bound to instance 'zynq_ultra_ps_e_0' of component 'kria_bd_zynq_ultra_ps_e_0_3' [/home/randy/projects/Kria_KR260/Kria_KR260.gen/sources_1/bd/kria_bd/synth/kria_bd.vhd:394]
INFO: [Synth 8-638] synthesizing module 'kria_bd_zynq_ultra_ps_e_0_3' [/home/randy/projects/Kria_KR260/Kria_KR260.gen/sources_1/bd/kria_bd/ip/kria_bd_zynq_ultra_ps_e_0_3/synth/kria_bd_zynq_ultra_ps_e_0_3.vhd:105]
	Parameter C_DP_USE_AUDIO bound to: 0 - type: integer 
	Parameter C_DP_USE_VIDEO bound to: 0 - type: integer 
	Parameter C_MAXIGP0_DATA_WIDTH bound to: 128 - type: integer 
	Parameter C_MAXIGP1_DATA_WIDTH bound to: 128 - type: integer 
	Parameter C_MAXIGP2_DATA_WIDTH bound to: 32 - type: integer 
	Parameter C_SAXIGP0_DATA_WIDTH bound to: 128 - type: integer 
	Parameter C_SAXIGP1_DATA_WIDTH bound to: 128 - type: integer 
	Parameter C_SAXIGP2_DATA_WIDTH bound to: 128 - type: integer 
	Parameter C_SAXIGP3_DATA_WIDTH bound to: 128 - type: integer 
	Parameter C_SAXIGP4_DATA_WIDTH bound to: 128 - type: integer 
	Parameter C_SAXIGP5_DATA_WIDTH bound to: 128 - type: integer 
	Parameter C_SAXIGP6_DATA_WIDTH bound to: 128 - type: integer 
	Parameter C_USE_DIFF_RW_CLK_GP0 bound to: 0 - type: integer 
	Parameter C_USE_DIFF_RW_CLK_GP1 bound to: 0 - type: integer 
	Parameter C_USE_DIFF_RW_CLK_GP2 bound to: 0 - type: integer 
	Parameter C_USE_DIFF_RW_CLK_GP3 bound to: 0 - type: integer 
	Parameter C_USE_DIFF_RW_CLK_GP4 bound to: 0 - type: integer 
	Parameter C_USE_DIFF_RW_CLK_GP5 bound to: 0 - type: integer 
	Parameter C_USE_DIFF_RW_CLK_GP6 bound to: 0 - type: integer 
	Parameter C_EN_FIFO_ENET0 bound to: 0 - type: string 
	Parameter C_EN_FIFO_ENET1 bound to: 0 - type: string 
	Parameter C_EN_FIFO_ENET2 bound to: 0 - type: string 
	Parameter C_EN_FIFO_ENET3 bound to: 0 - type: string 
	Parameter C_PL_CLK0_BUF bound to: TRUE - type: string 
	Parameter C_PL_CLK1_BUF bound to: TRUE - type: string 
	Parameter C_PL_CLK2_BUF bound to: FALSE - type: string 
	Parameter C_PL_CLK3_BUF bound to: FALSE - type: string 
	Parameter C_TRACE_PIPELINE_WIDTH bound to: 8 - type: integer 
	Parameter C_EN_EMIO_TRACE bound to: 0 - type: integer 
	Parameter C_TRACE_DATA_WIDTH bound to: 32 - type: integer 
	Parameter C_USE_DEBUG_TEST bound to: 0 - type: integer 
	Parameter C_SD0_INTERNAL_BUS_WIDTH bound to: 5 - type: integer 
	Parameter C_SD1_INTERNAL_BUS_WIDTH bound to: 5 - type: integer 
	Parameter C_NUM_F2P_0_INTR_INPUTS bound to: 1 - type: integer 
	Parameter C_NUM_F2P_1_INTR_INPUTS bound to: 1 - type: integer 
	Parameter C_EMIO_GPIO_WIDTH bound to: 1 - type: integer 
	Parameter C_NUM_FABRIC_RESETS bound to: 1 - type: integer 
INFO: [Synth 8-3491] module 'zynq_ultra_ps_e_v3_5_5_zynq_ultra_ps_e' declared at '/home/randy/projects/Kria_KR260/Kria_KR260.gen/sources_1/bd/kria_bd/ip/kria_bd_zynq_ultra_ps_e_0_3/hdl/zynq_ultra_ps_e_v3_5_5.v:68' bound to instance 'U0' of component 'zynq_ultra_ps_e_v3_5_5_zynq_ultra_ps_e' [/home/randy/projects/Kria_KR260/Kria_KR260.gen/sources_1/bd/kria_bd/ip/kria_bd_zynq_ultra_ps_e_0_3/synth/kria_bd_zynq_ultra_ps_e_0_3.vhd:1707]
INFO: [Synth 8-6157] synthesizing module 'zynq_ultra_ps_e_v3_5_5_zynq_ultra_ps_e' [/home/randy/projects/Kria_KR260/Kria_KR260.gen/sources_1/bd/kria_bd/ip/kria_bd_zynq_ultra_ps_e_0_3/hdl/zynq_ultra_ps_e_v3_5_5.v:68]
INFO: [Synth 8-6157] synthesizing module 'BUFG_PS' [/opt/Xilinx/Vivado/2024.2/scripts/rt/data/unisim_comp.v:2912]
INFO: [Synth 8-6155] done synthesizing module 'BUFG_PS' (0#1) [/opt/Xilinx/Vivado/2024.2/scripts/rt/data/unisim_comp.v:2912]
INFO: [Synth 8-6157] synthesizing module 'PS8' [/opt/Xilinx/Vivado/2024.2/scripts/rt/data/unisim_comp.v:125226]
INFO: [Synth 8-6155] done synthesizing module 'PS8' (0#1) [/opt/Xilinx/Vivado/2024.2/scripts/rt/data/unisim_comp.v:125226]
WARNING: [Synth 8-689] width (5) of port connection 'EMIOSDIO0DATAIN' does not match port width (8) of module 'PS8' [/home/randy/projects/Kria_KR260/Kria_KR260.gen/sources_1/bd/kria_bd/ip/kria_bd_zynq_ultra_ps_e_0_3/hdl/zynq_ultra_ps_e_v3_5_5.v:4654]
WARNING: [Synth 8-689] width (5) of port connection 'EMIOSDIO0DATAOUT' does not match port width (8) of module 'PS8' [/home/randy/projects/Kria_KR260/Kria_KR260.gen/sources_1/bd/kria_bd/ip/kria_bd_zynq_ultra_ps_e_0_3/hdl/zynq_ultra_ps_e_v3_5_5.v:4655]
WARNING: [Synth 8-689] width (5) of port connection 'EMIOSDIO0DATAENA' does not match port width (8) of module 'PS8' [/home/randy/projects/Kria_KR260/Kria_KR260.gen/sources_1/bd/kria_bd/ip/kria_bd_zynq_ultra_ps_e_0_3/hdl/zynq_ultra_ps_e_v3_5_5.v:4656]
WARNING: [Synth 8-689] width (5) of port connection 'EMIOSDIO1DATAIN' does not match port width (8) of module 'PS8' [/home/randy/projects/Kria_KR260/Kria_KR260.gen/sources_1/bd/kria_bd/ip/kria_bd_zynq_ultra_ps_e_0_3/hdl/zynq_ultra_ps_e_v3_5_5.v:4667]
WARNING: [Synth 8-689] width (5) of port connection 'EMIOSDIO1DATAOUT' does not match port width (8) of module 'PS8' [/home/randy/projects/Kria_KR260/Kria_KR260.gen/sources_1/bd/kria_bd/ip/kria_bd_zynq_ultra_ps_e_0_3/hdl/zynq_ultra_ps_e_v3_5_5.v:4668]
WARNING: [Synth 8-689] width (5) of port connection 'EMIOSDIO1DATAENA' does not match port width (8) of module 'PS8' [/home/randy/projects/Kria_KR260/Kria_KR260.gen/sources_1/bd/kria_bd/ip/kria_bd_zynq_ultra_ps_e_0_3/hdl/zynq_ultra_ps_e_v3_5_5.v:4669]
WARNING: [Synth 8-7071] port 'PSS_ALTO_CORE_PAD_MGTTXN0OUT' of module 'PS8' is unconnected for instance 'PS8_i' [/home/randy/projects/Kria_KR260/Kria_KR260.gen/sources_1/bd/kria_bd/ip/kria_bd_zynq_ultra_ps_e_0_3/hdl/zynq_ultra_ps_e_v3_5_5.v:3845]
WARNING: [Synth 8-7071] port 'PSS_ALTO_CORE_PAD_MGTTXN1OUT' of module 'PS8' is unconnected for instance 'PS8_i' [/home/randy/projects/Kria_KR260/Kria_KR260.gen/sources_1/bd/kria_bd/ip/kria_bd_zynq_ultra_ps_e_0_3/hdl/zynq_ultra_ps_e_v3_5_5.v:3845]
WARNING: [Synth 8-7071] port 'PSS_ALTO_CORE_PAD_MGTTXN2OUT' of module 'PS8' is unconnected for instance 'PS8_i' [/home/randy/projects/Kria_KR260/Kria_KR260.gen/sources_1/bd/kria_bd/ip/kria_bd_zynq_ultra_ps_e_0_3/hdl/zynq_ultra_ps_e_v3_5_5.v:3845]
WARNING: [Synth 8-7071] port 'PSS_ALTO_CORE_PAD_MGTTXN3OUT' of module 'PS8' is unconnected for instance 'PS8_i' [/home/randy/projects/Kria_KR260/Kria_KR260.gen/sources_1/bd/kria_bd/ip/kria_bd_zynq_ultra_ps_e_0_3/hdl/zynq_ultra_ps_e_v3_5_5.v:3845]
WARNING: [Synth 8-7071] port 'PSS_ALTO_CORE_PAD_MGTTXP0OUT' of module 'PS8' is unconnected for instance 'PS8_i' [/home/randy/projects/Kria_KR260/Kria_KR260.gen/sources_1/bd/kria_bd/ip/kria_bd_zynq_ultra_ps_e_0_3/hdl/zynq_ultra_ps_e_v3_5_5.v:3845]
WARNING: [Synth 8-7071] port 'PSS_ALTO_CORE_PAD_MGTTXP1OUT' of module 'PS8' is unconnected for instance 'PS8_i' [/home/randy/projects/Kria_KR260/Kria_KR260.gen/sources_1/bd/kria_bd/ip/kria_bd_zynq_ultra_ps_e_0_3/hdl/zynq_ultra_ps_e_v3_5_5.v:3845]
WARNING: [Synth 8-7071] port 'PSS_ALTO_CORE_PAD_MGTTXP2OUT' of module 'PS8' is unconnected for instance 'PS8_i' [/home/randy/projects/Kria_KR260/Kria_KR260.gen/sources_1/bd/kria_bd/ip/kria_bd_zynq_ultra_ps_e_0_3/hdl/zynq_ultra_ps_e_v3_5_5.v:3845]
WARNING: [Synth 8-7071] port 'PSS_ALTO_CORE_PAD_MGTTXP3OUT' of module 'PS8' is unconnected for instance 'PS8_i' [/home/randy/projects/Kria_KR260/Kria_KR260.gen/sources_1/bd/kria_bd/ip/kria_bd_zynq_ultra_ps_e_0_3/hdl/zynq_ultra_ps_e_v3_5_5.v:3845]
WARNING: [Synth 8-7071] port 'PSS_ALTO_CORE_PAD_PADO' of module 'PS8' is unconnected for instance 'PS8_i' [/home/randy/projects/Kria_KR260/Kria_KR260.gen/sources_1/bd/kria_bd/ip/kria_bd_zynq_ultra_ps_e_0_3/hdl/zynq_ultra_ps_e_v3_5_5.v:3845]
WARNING: [Synth 8-7071] port 'PSS_ALTO_CORE_PAD_BOOTMODE' of module 'PS8' is unconnected for instance 'PS8_i' [/home/randy/projects/Kria_KR260/Kria_KR260.gen/sources_1/bd/kria_bd/ip/kria_bd_zynq_ultra_ps_e_0_3/hdl/zynq_ultra_ps_e_v3_5_5.v:3845]
WARNING: [Synth 8-7071] port 'PSS_ALTO_CORE_PAD_CLK' of module 'PS8' is unconnected for instance 'PS8_i' [/home/randy/projects/Kria_KR260/Kria_KR260.gen/sources_1/bd/kria_bd/ip/kria_bd_zynq_ultra_ps_e_0_3/hdl/zynq_ultra_ps_e_v3_5_5.v:3845]
WARNING: [Synth 8-7071] port 'PSS_ALTO_CORE_PAD_DONEB' of module 'PS8' is unconnected for instance 'PS8_i' [/home/randy/projects/Kria_KR260/Kria_KR260.gen/sources_1/bd/kria_bd/ip/kria_bd_zynq_ultra_ps_e_0_3/hdl/zynq_ultra_ps_e_v3_5_5.v:3845]
WARNING: [Synth 8-7071] port 'PSS_ALTO_CORE_PAD_DRAMA' of module 'PS8' is unconnected for instance 'PS8_i' [/home/randy/projects/Kria_KR260/Kria_KR260.gen/sources_1/bd/kria_bd/ip/kria_bd_zynq_ultra_ps_e_0_3/hdl/zynq_ultra_ps_e_v3_5_5.v:3845]
WARNING: [Synth 8-7071] port 'PSS_ALTO_CORE_PAD_DRAMACTN' of module 'PS8' is unconnected for instance 'PS8_i' [/home/randy/projects/Kria_KR260/Kria_KR260.gen/sources_1/bd/kria_bd/ip/kria_bd_zynq_ultra_ps_e_0_3/hdl/zynq_ultra_ps_e_v3_5_5.v:3845]
WARNING: [Synth 8-7071] port 'PSS_ALTO_CORE_PAD_DRAMALERTN' of module 'PS8' is unconnected for instance 'PS8_i' [/home/randy/projects/Kria_KR260/Kria_KR260.gen/sources_1/bd/kria_bd/ip/kria_bd_zynq_ultra_ps_e_0_3/hdl/zynq_ultra_ps_e_v3_5_5.v:3845]
WARNING: [Synth 8-7071] port 'PSS_ALTO_CORE_PAD_DRAMBA' of module 'PS8' is unconnected for instance 'PS8_i' [/home/randy/projects/Kria_KR260/Kria_KR260.gen/sources_1/bd/kria_bd/ip/kria_bd_zynq_ultra_ps_e_0_3/hdl/zynq_ultra_ps_e_v3_5_5.v:3845]
WARNING: [Synth 8-7071] port 'PSS_ALTO_CORE_PAD_DRAMBG' of module 'PS8' is unconnected for instance 'PS8_i' [/home/randy/projects/Kria_KR260/Kria_KR260.gen/sources_1/bd/kria_bd/ip/kria_bd_zynq_ultra_ps_e_0_3/hdl/zynq_ultra_ps_e_v3_5_5.v:3845]
WARNING: [Synth 8-7071] port 'PSS_ALTO_CORE_PAD_DRAMCK' of module 'PS8' is unconnected for instance 'PS8_i' [/home/randy/projects/Kria_KR260/Kria_KR260.gen/sources_1/bd/kria_bd/ip/kria_bd_zynq_ultra_ps_e_0_3/hdl/zynq_ultra_ps_e_v3_5_5.v:3845]
WARNING: [Synth 8-7071] port 'PSS_ALTO_CORE_PAD_DRAMCKE' of module 'PS8' is unconnected for instance 'PS8_i' [/home/randy/projects/Kria_KR260/Kria_KR260.gen/sources_1/bd/kria_bd/ip/kria_bd_zynq_ultra_ps_e_0_3/hdl/zynq_ultra_ps_e_v3_5_5.v:3845]
WARNING: [Synth 8-7071] port 'PSS_ALTO_CORE_PAD_DRAMCKN' of module 'PS8' is unconnected for instance 'PS8_i' [/home/randy/projects/Kria_KR260/Kria_KR260.gen/sources_1/bd/kria_bd/ip/kria_bd_zynq_ultra_ps_e_0_3/hdl/zynq_ultra_ps_e_v3_5_5.v:3845]
WARNING: [Synth 8-7071] port 'PSS_ALTO_CORE_PAD_DRAMCSN' of module 'PS8' is unconnected for instance 'PS8_i' [/home/randy/projects/Kria_KR260/Kria_KR260.gen/sources_1/bd/kria_bd/ip/kria_bd_zynq_ultra_ps_e_0_3/hdl/zynq_ultra_ps_e_v3_5_5.v:3845]
WARNING: [Synth 8-7071] port 'PSS_ALTO_CORE_PAD_DRAMDM' of module 'PS8' is unconnected for instance 'PS8_i' [/home/randy/projects/Kria_KR260/Kria_KR260.gen/sources_1/bd/kria_bd/ip/kria_bd_zynq_ultra_ps_e_0_3/hdl/zynq_ultra_ps_e_v3_5_5.v:3845]
WARNING: [Synth 8-7071] port 'PSS_ALTO_CORE_PAD_DRAMDQ' of module 'PS8' is unconnected for instance 'PS8_i' [/home/randy/projects/Kria_KR260/Kria_KR260.gen/sources_1/bd/kria_bd/ip/kria_bd_zynq_ultra_ps_e_0_3/hdl/zynq_ultra_ps_e_v3_5_5.v:3845]
WARNING: [Synth 8-7071] port 'PSS_ALTO_CORE_PAD_DRAMDQS' of module 'PS8' is unconnected for instance 'PS8_i' [/home/randy/projects/Kria_KR260/Kria_KR260.gen/sources_1/bd/kria_bd/ip/kria_bd_zynq_ultra_ps_e_0_3/hdl/zynq_ultra_ps_e_v3_5_5.v:3845]
WARNING: [Synth 8-7071] port 'PSS_ALTO_CORE_PAD_DRAMDQSN' of module 'PS8' is unconnected for instance 'PS8_i' [/home/randy/projects/Kria_KR260/Kria_KR260.gen/sources_1/bd/kria_bd/ip/kria_bd_zynq_ultra_ps_e_0_3/hdl/zynq_ultra_ps_e_v3_5_5.v:3845]
WARNING: [Synth 8-7071] port 'PSS_ALTO_CORE_PAD_DRAMODT' of module 'PS8' is unconnected for instance 'PS8_i' [/home/randy/projects/Kria_KR260/Kria_KR260.gen/sources_1/bd/kria_bd/ip/kria_bd_zynq_ultra_ps_e_0_3/hdl/zynq_ultra_ps_e_v3_5_5.v:3845]
WARNING: [Synth 8-7071] port 'PSS_ALTO_CORE_PAD_DRAMPARITY' of module 'PS8' is unconnected for instance 'PS8_i' [/home/randy/projects/Kria_KR260/Kria_KR260.gen/sources_1/bd/kria_bd/ip/kria_bd_zynq_ultra_ps_e_0_3/hdl/zynq_ultra_ps_e_v3_5_5.v:3845]
WARNING: [Synth 8-7071] port 'PSS_ALTO_CORE_PAD_DRAMRAMRSTN' of module 'PS8' is unconnected for instance 'PS8_i' [/home/randy/projects/Kria_KR260/Kria_KR260.gen/sources_1/bd/kria_bd/ip/kria_bd_zynq_ultra_ps_e_0_3/hdl/zynq_ultra_ps_e_v3_5_5.v:3845]
WARNING: [Synth 8-7071] port 'PSS_ALTO_CORE_PAD_ERROROUT' of module 'PS8' is unconnected for instance 'PS8_i' [/home/randy/projects/Kria_KR260/Kria_KR260.gen/sources_1/bd/kria_bd/ip/kria_bd_zynq_ultra_ps_e_0_3/hdl/zynq_ultra_ps_e_v3_5_5.v:3845]
WARNING: [Synth 8-7071] port 'PSS_ALTO_CORE_PAD_ERRORSTATUS' of module 'PS8' is unconnected for instance 'PS8_i' [/home/randy/projects/Kria_KR260/Kria_KR260.gen/sources_1/bd/kria_bd/ip/kria_bd_zynq_ultra_ps_e_0_3/hdl/zynq_ultra_ps_e_v3_5_5.v:3845]
WARNING: [Synth 8-7071] port 'PSS_ALTO_CORE_PAD_INITB' of module 'PS8' is unconnected for instance 'PS8_i' [/home/randy/projects/Kria_KR260/Kria_KR260.gen/sources_1/bd/kria_bd/ip/kria_bd_zynq_ultra_ps_e_0_3/hdl/zynq_ultra_ps_e_v3_5_5.v:3845]
WARNING: [Synth 8-7071] port 'PSS_ALTO_CORE_PAD_JTAGTCK' of module 'PS8' is unconnected for instance 'PS8_i' [/home/randy/projects/Kria_KR260/Kria_KR260.gen/sources_1/bd/kria_bd/ip/kria_bd_zynq_ultra_ps_e_0_3/hdl/zynq_ultra_ps_e_v3_5_5.v:3845]
WARNING: [Synth 8-7071] port 'PSS_ALTO_CORE_PAD_JTAGTDI' of module 'PS8' is unconnected for instance 'PS8_i' [/home/randy/projects/Kria_KR260/Kria_KR260.gen/sources_1/bd/kria_bd/ip/kria_bd_zynq_ultra_ps_e_0_3/hdl/zynq_ultra_ps_e_v3_5_5.v:3845]
WARNING: [Synth 8-7071] port 'PSS_ALTO_CORE_PAD_JTAGTDO' of module 'PS8' is unconnected for instance 'PS8_i' [/home/randy/projects/Kria_KR260/Kria_KR260.gen/sources_1/bd/kria_bd/ip/kria_bd_zynq_ultra_ps_e_0_3/hdl/zynq_ultra_ps_e_v3_5_5.v:3845]
WARNING: [Synth 8-7071] port 'PSS_ALTO_CORE_PAD_JTAGTMS' of module 'PS8' is unconnected for instance 'PS8_i' [/home/randy/projects/Kria_KR260/Kria_KR260.gen/sources_1/bd/kria_bd/ip/kria_bd_zynq_ultra_ps_e_0_3/hdl/zynq_ultra_ps_e_v3_5_5.v:3845]
WARNING: [Synth 8-7071] port 'PSS_ALTO_CORE_PAD_MIO' of module 'PS8' is unconnected for instance 'PS8_i' [/home/randy/projects/Kria_KR260/Kria_KR260.gen/sources_1/bd/kria_bd/ip/kria_bd_zynq_ultra_ps_e_0_3/hdl/zynq_ultra_ps_e_v3_5_5.v:3845]
WARNING: [Synth 8-7071] port 'PSS_ALTO_CORE_PAD_PORB' of module 'PS8' is unconnected for instance 'PS8_i' [/home/randy/projects/Kria_KR260/Kria_KR260.gen/sources_1/bd/kria_bd/ip/kria_bd_zynq_ultra_ps_e_0_3/hdl/zynq_ultra_ps_e_v3_5_5.v:3845]
WARNING: [Synth 8-7071] port 'PSS_ALTO_CORE_PAD_PROGB' of module 'PS8' is unconnected for instance 'PS8_i' [/home/randy/projects/Kria_KR260/Kria_KR260.gen/sources_1/bd/kria_bd/ip/kria_bd_zynq_ultra_ps_e_0_3/hdl/zynq_ultra_ps_e_v3_5_5.v:3845]
WARNING: [Synth 8-7071] port 'PSS_ALTO_CORE_PAD_RCALIBINOUT' of module 'PS8' is unconnected for instance 'PS8_i' [/home/randy/projects/Kria_KR260/Kria_KR260.gen/sources_1/bd/kria_bd/ip/kria_bd_zynq_ultra_ps_e_0_3/hdl/zynq_ultra_ps_e_v3_5_5.v:3845]
WARNING: [Synth 8-7071] port 'PSS_ALTO_CORE_PAD_SRSTB' of module 'PS8' is unconnected for instance 'PS8_i' [/home/randy/projects/Kria_KR260/Kria_KR260.gen/sources_1/bd/kria_bd/ip/kria_bd_zynq_ultra_ps_e_0_3/hdl/zynq_ultra_ps_e_v3_5_5.v:3845]
WARNING: [Synth 8-7071] port 'PSS_ALTO_CORE_PAD_ZQ' of module 'PS8' is unconnected for instance 'PS8_i' [/home/randy/projects/Kria_KR260/Kria_KR260.gen/sources_1/bd/kria_bd/ip/kria_bd_zynq_ultra_ps_e_0_3/hdl/zynq_ultra_ps_e_v3_5_5.v:3845]
WARNING: [Synth 8-7071] port 'PSS_ALTO_CORE_PAD_MGTRXN0IN' of module 'PS8' is unconnected for instance 'PS8_i' [/home/randy/projects/Kria_KR260/Kria_KR260.gen/sources_1/bd/kria_bd/ip/kria_bd_zynq_ultra_ps_e_0_3/hdl/zynq_ultra_ps_e_v3_5_5.v:3845]
WARNING: [Synth 8-7071] port 'PSS_ALTO_CORE_PAD_MGTRXN1IN' of module 'PS8' is unconnected for instance 'PS8_i' [/home/randy/projects/Kria_KR260/Kria_KR260.gen/sources_1/bd/kria_bd/ip/kria_bd_zynq_ultra_ps_e_0_3/hdl/zynq_ultra_ps_e_v3_5_5.v:3845]
WARNING: [Synth 8-7071] port 'PSS_ALTO_CORE_PAD_MGTRXN2IN' of module 'PS8' is unconnected for instance 'PS8_i' [/home/randy/projects/Kria_KR260/Kria_KR260.gen/sources_1/bd/kria_bd/ip/kria_bd_zynq_ultra_ps_e_0_3/hdl/zynq_ultra_ps_e_v3_5_5.v:3845]
WARNING: [Synth 8-7071] port 'PSS_ALTO_CORE_PAD_MGTRXN3IN' of module 'PS8' is unconnected for instance 'PS8_i' [/home/randy/projects/Kria_KR260/Kria_KR260.gen/sources_1/bd/kria_bd/ip/kria_bd_zynq_ultra_ps_e_0_3/hdl/zynq_ultra_ps_e_v3_5_5.v:3845]
WARNING: [Synth 8-7071] port 'PSS_ALTO_CORE_PAD_MGTRXP0IN' of module 'PS8' is unconnected for instance 'PS8_i' [/home/randy/projects/Kria_KR260/Kria_KR260.gen/sources_1/bd/kria_bd/ip/kria_bd_zynq_ultra_ps_e_0_3/hdl/zynq_ultra_ps_e_v3_5_5.v:3845]
WARNING: [Synth 8-7071] port 'PSS_ALTO_CORE_PAD_MGTRXP1IN' of module 'PS8' is unconnected for instance 'PS8_i' [/home/randy/projects/Kria_KR260/Kria_KR260.gen/sources_1/bd/kria_bd/ip/kria_bd_zynq_ultra_ps_e_0_3/hdl/zynq_ultra_ps_e_v3_5_5.v:3845]
WARNING: [Synth 8-7071] port 'PSS_ALTO_CORE_PAD_MGTRXP2IN' of module 'PS8' is unconnected for instance 'PS8_i' [/home/randy/projects/Kria_KR260/Kria_KR260.gen/sources_1/bd/kria_bd/ip/kria_bd_zynq_ultra_ps_e_0_3/hdl/zynq_ultra_ps_e_v3_5_5.v:3845]
WARNING: [Synth 8-7071] port 'PSS_ALTO_CORE_PAD_MGTRXP3IN' of module 'PS8' is unconnected for instance 'PS8_i' [/home/randy/projects/Kria_KR260/Kria_KR260.gen/sources_1/bd/kria_bd/ip/kria_bd_zynq_ultra_ps_e_0_3/hdl/zynq_ultra_ps_e_v3_5_5.v:3845]
WARNING: [Synth 8-7071] port 'PSS_ALTO_CORE_PAD_PADI' of module 'PS8' is unconnected for instance 'PS8_i' [/home/randy/projects/Kria_KR260/Kria_KR260.gen/sources_1/bd/kria_bd/ip/kria_bd_zynq_ultra_ps_e_0_3/hdl/zynq_ultra_ps_e_v3_5_5.v:3845]
WARNING: [Synth 8-7071] port 'PSS_ALTO_CORE_PAD_REFN0IN' of module 'PS8' is unconnected for instance 'PS8_i' [/home/randy/projects/Kria_KR260/Kria_KR260.gen/sources_1/bd/kria_bd/ip/kria_bd_zynq_ultra_ps_e_0_3/hdl/zynq_ultra_ps_e_v3_5_5.v:3845]
WARNING: [Synth 8-7071] port 'PSS_ALTO_CORE_PAD_REFN1IN' of module 'PS8' is unconnected for instance 'PS8_i' [/home/randy/projects/Kria_KR260/Kria_KR260.gen/sources_1/bd/kria_bd/ip/kria_bd_zynq_ultra_ps_e_0_3/hdl/zynq_ultra_ps_e_v3_5_5.v:3845]
WARNING: [Synth 8-7071] port 'PSS_ALTO_CORE_PAD_REFN2IN' of module 'PS8' is unconnected for instance 'PS8_i' [/home/randy/projects/Kria_KR260/Kria_KR260.gen/sources_1/bd/kria_bd/ip/kria_bd_zynq_ultra_ps_e_0_3/hdl/zynq_ultra_ps_e_v3_5_5.v:3845]
WARNING: [Synth 8-7071] port 'PSS_ALTO_CORE_PAD_REFN3IN' of module 'PS8' is unconnected for instance 'PS8_i' [/home/randy/projects/Kria_KR260/Kria_KR260.gen/sources_1/bd/kria_bd/ip/kria_bd_zynq_ultra_ps_e_0_3/hdl/zynq_ultra_ps_e_v3_5_5.v:3845]
WARNING: [Synth 8-7071] port 'PSS_ALTO_CORE_PAD_REFP0IN' of module 'PS8' is unconnected for instance 'PS8_i' [/home/randy/projects/Kria_KR260/Kria_KR260.gen/sources_1/bd/kria_bd/ip/kria_bd_zynq_ultra_ps_e_0_3/hdl/zynq_ultra_ps_e_v3_5_5.v:3845]
WARNING: [Synth 8-7071] port 'PSS_ALTO_CORE_PAD_REFP1IN' of module 'PS8' is unconnected for instance 'PS8_i' [/home/randy/projects/Kria_KR260/Kria_KR260.gen/sources_1/bd/kria_bd/ip/kria_bd_zynq_ultra_ps_e_0_3/hdl/zynq_ultra_ps_e_v3_5_5.v:3845]
WARNING: [Synth 8-7071] port 'PSS_ALTO_CORE_PAD_REFP2IN' of module 'PS8' is unconnected for instance 'PS8_i' [/home/randy/projects/Kria_KR260/Kria_KR260.gen/sources_1/bd/kria_bd/ip/kria_bd_zynq_ultra_ps_e_0_3/hdl/zynq_ultra_ps_e_v3_5_5.v:3845]
WARNING: [Synth 8-7071] port 'PSS_ALTO_CORE_PAD_REFP3IN' of module 'PS8' is unconnected for instance 'PS8_i' [/home/randy/projects/Kria_KR260/Kria_KR260.gen/sources_1/bd/kria_bd/ip/kria_bd_zynq_ultra_ps_e_0_3/hdl/zynq_ultra_ps_e_v3_5_5.v:3845]
WARNING: [Synth 8-7023] instance 'PS8_i' of module 'PS8' has 1015 connections declared, but only 957 given [/home/randy/projects/Kria_KR260/Kria_KR260.gen/sources_1/bd/kria_bd/ip/kria_bd_zynq_ultra_ps_e_0_3/hdl/zynq_ultra_ps_e_v3_5_5.v:3845]
INFO: [Synth 8-6155] done synthesizing module 'zynq_ultra_ps_e_v3_5_5_zynq_ultra_ps_e' (0#1) [/home/randy/projects/Kria_KR260/Kria_KR260.gen/sources_1/bd/kria_bd/ip/kria_bd_zynq_ultra_ps_e_0_3/hdl/zynq_ultra_ps_e_v3_5_5.v:68]
INFO: [Synth 8-256] done synthesizing module 'kria_bd_zynq_ultra_ps_e_0_3' (0#1) [/home/randy/projects/Kria_KR260/Kria_KR260.gen/sources_1/bd/kria_bd/ip/kria_bd_zynq_ultra_ps_e_0_3/synth/kria_bd_zynq_ultra_ps_e_0_3.vhd:105]
INFO: [Synth 8-256] done synthesizing module 'kria_bd' (0#1) [/home/randy/projects/Kria_KR260/Kria_KR260.gen/sources_1/bd/kria_bd/synth/kria_bd.vhd:22]
INFO: [Synth 8-256] done synthesizing module 'kria_bd_wrapper' (0#1) [/home/randy/projects/Kria_KR260/Kria_KR260.gen/sources_1/bd/kria_bd/hdl/kria_bd_wrapper.vhd:18]
WARNING: [Synth 8-6014] Unused sequential element ack_or_reg was removed.  [/home/randy/projects/Kria_KR260/Kria_KR260.gen/sources_1/bd/kria_bd/ipshared/99b7/hdl/axi_intc_v4_1_vh_rfs.vhd:2674]
WARNING: [Synth 8-3848] Net aresetn_out in module/entity clk_map_imp_1GMOILQ does not have driver. [/home/randy/projects/Kria_KR260/Kria_KR260.gen/sources_1/bd/kria_bd/ip/kria_bd_axi_smc_7/bd_0/synth/bd_9880.v:680]
WARNING: [Synth 8-3848] Net dp_audio_ref_clk in module/entity zynq_ultra_ps_e_v3_5_5_zynq_ultra_ps_e does not have driver. [/home/randy/projects/Kria_KR260/Kria_KR260.gen/sources_1/bd/kria_bd/ip/kria_bd_zynq_ultra_ps_e_0_3/hdl/zynq_ultra_ps_e_v3_5_5.v:344]
WARNING: [Synth 8-3848] Net irq_ipi_pl_0 in module/entity zynq_ultra_ps_e_v3_5_5_zynq_ultra_ps_e does not have driver. [/home/randy/projects/Kria_KR260/Kria_KR260.gen/sources_1/bd/kria_bd/ip/kria_bd_zynq_ultra_ps_e_0_3/hdl/zynq_ultra_ps_e_v3_5_5.v:1364]
WARNING: [Synth 8-3848] Net irq_ipi_pl_1 in module/entity zynq_ultra_ps_e_v3_5_5_zynq_ultra_ps_e does not have driver. [/home/randy/projects/Kria_KR260/Kria_KR260.gen/sources_1/bd/kria_bd/ip/kria_bd_zynq_ultra_ps_e_0_3/hdl/zynq_ultra_ps_e_v3_5_5.v:1365]
WARNING: [Synth 8-3848] Net irq_ipi_pl_2 in module/entity zynq_ultra_ps_e_v3_5_5_zynq_ultra_ps_e does not have driver. [/home/randy/projects/Kria_KR260/Kria_KR260.gen/sources_1/bd/kria_bd/ip/kria_bd_zynq_ultra_ps_e_0_3/hdl/zynq_ultra_ps_e_v3_5_5.v:1366]
WARNING: [Synth 8-3848] Net irq_ipi_pl_3 in module/entity zynq_ultra_ps_e_v3_5_5_zynq_ultra_ps_e does not have driver. [/home/randy/projects/Kria_KR260/Kria_KR260.gen/sources_1/bd/kria_bd/ip/kria_bd_zynq_ultra_ps_e_0_3/hdl/zynq_ultra_ps_e_v3_5_5.v:1367]
WARNING: [Synth 8-7129] Port dp_audio_ref_clk in module zynq_ultra_ps_e_v3_5_5_zynq_ultra_ps_e is either unconnected or has no load
WARNING: [Synth 8-7129] Port irq_ipi_pl_0 in module zynq_ultra_ps_e_v3_5_5_zynq_ultra_ps_e is either unconnected or has no load
WARNING: [Synth 8-7129] Port irq_ipi_pl_1 in module zynq_ultra_ps_e_v3_5_5_zynq_ultra_ps_e is either unconnected or has no load
WARNING: [Synth 8-7129] Port irq_ipi_pl_2 in module zynq_ultra_ps_e_v3_5_5_zynq_ultra_ps_e is either unconnected or has no load
WARNING: [Synth 8-7129] Port irq_ipi_pl_3 in module zynq_ultra_ps_e_v3_5_5_zynq_ultra_ps_e is either unconnected or has no load
WARNING: [Synth 8-7129] Port saxihpc0_fpd_rclk in module zynq_ultra_ps_e_v3_5_5_zynq_ultra_ps_e is either unconnected or has no load
WARNING: [Synth 8-7129] Port saxihpc0_fpd_wclk in module zynq_ultra_ps_e_v3_5_5_zynq_ultra_ps_e is either unconnected or has no load
WARNING: [Synth 8-7129] Port saxihpc1_fpd_rclk in module zynq_ultra_ps_e_v3_5_5_zynq_ultra_ps_e is either unconnected or has no load
WARNING: [Synth 8-7129] Port saxihpc1_fpd_wclk in module zynq_ultra_ps_e_v3_5_5_zynq_ultra_ps_e is either unconnected or has no load
WARNING: [Synth 8-7129] Port saxihp0_fpd_rclk in module zynq_ultra_ps_e_v3_5_5_zynq_ultra_ps_e is either unconnected or has no load
WARNING: [Synth 8-7129] Port saxihp0_fpd_wclk in module zynq_ultra_ps_e_v3_5_5_zynq_ultra_ps_e is either unconnected or has no load
WARNING: [Synth 8-7129] Port saxihp1_fpd_rclk in module zynq_ultra_ps_e_v3_5_5_zynq_ultra_ps_e is either unconnected or has no load
WARNING: [Synth 8-7129] Port saxihp1_fpd_wclk in module zynq_ultra_ps_e_v3_5_5_zynq_ultra_ps_e is either unconnected or has no load
WARNING: [Synth 8-7129] Port saxihp2_fpd_rclk in module zynq_ultra_ps_e_v3_5_5_zynq_ultra_ps_e is either unconnected or has no load
WARNING: [Synth 8-7129] Port saxihp2_fpd_wclk in module zynq_ultra_ps_e_v3_5_5_zynq_ultra_ps_e is either unconnected or has no load
WARNING: [Synth 8-7129] Port saxihp3_fpd_rclk in module zynq_ultra_ps_e_v3_5_5_zynq_ultra_ps_e is either unconnected or has no load
WARNING: [Synth 8-7129] Port saxihp3_fpd_wclk in module zynq_ultra_ps_e_v3_5_5_zynq_ultra_ps_e is either unconnected or has no load
WARNING: [Synth 8-7129] Port saxi_lpd_rclk in module zynq_ultra_ps_e_v3_5_5_zynq_ultra_ps_e is either unconnected or has no load
WARNING: [Synth 8-7129] Port saxi_lpd_wclk in module zynq_ultra_ps_e_v3_5_5_zynq_ultra_ps_e is either unconnected or has no load
WARNING: [Synth 8-7129] Port sacefpd_awuser[15] in module zynq_ultra_ps_e_v3_5_5_zynq_ultra_ps_e is either unconnected or has no load
WARNING: [Synth 8-7129] Port sacefpd_awuser[14] in module zynq_ultra_ps_e_v3_5_5_zynq_ultra_ps_e is either unconnected or has no load
WARNING: [Synth 8-7129] Port sacefpd_awuser[13] in module zynq_ultra_ps_e_v3_5_5_zynq_ultra_ps_e is either unconnected or has no load
WARNING: [Synth 8-7129] Port sacefpd_awuser[12] in module zynq_ultra_ps_e_v3_5_5_zynq_ultra_ps_e is either unconnected or has no load
WARNING: [Synth 8-7129] Port sacefpd_awuser[11] in module zynq_ultra_ps_e_v3_5_5_zynq_ultra_ps_e is either unconnected or has no load
WARNING: [Synth 8-7129] Port sacefpd_awuser[10] in module zynq_ultra_ps_e_v3_5_5_zynq_ultra_ps_e is either unconnected or has no load
WARNING: [Synth 8-7129] Port sacefpd_awuser[9] in module zynq_ultra_ps_e_v3_5_5_zynq_ultra_ps_e is either unconnected or has no load
WARNING: [Synth 8-7129] Port sacefpd_awuser[8] in module zynq_ultra_ps_e_v3_5_5_zynq_ultra_ps_e is either unconnected or has no load
WARNING: [Synth 8-7129] Port sacefpd_awuser[7] in module zynq_ultra_ps_e_v3_5_5_zynq_ultra_ps_e is either unconnected or has no load
WARNING: [Synth 8-7129] Port sacefpd_awuser[6] in module zynq_ultra_ps_e_v3_5_5_zynq_ultra_ps_e is either unconnected or has no load
WARNING: [Synth 8-7129] Port sacefpd_aruser[15] in module zynq_ultra_ps_e_v3_5_5_zynq_ultra_ps_e is either unconnected or has no load
WARNING: [Synth 8-7129] Port sacefpd_aruser[14] in module zynq_ultra_ps_e_v3_5_5_zynq_ultra_ps_e is either unconnected or has no load
WARNING: [Synth 8-7129] Port sacefpd_aruser[13] in module zynq_ultra_ps_e_v3_5_5_zynq_ultra_ps_e is either unconnected or has no load
WARNING: [Synth 8-7129] Port sacefpd_aruser[12] in module zynq_ultra_ps_e_v3_5_5_zynq_ultra_ps_e is either unconnected or has no load
WARNING: [Synth 8-7129] Port sacefpd_aruser[11] in module zynq_ultra_ps_e_v3_5_5_zynq_ultra_ps_e is either unconnected or has no load
WARNING: [Synth 8-7129] Port sacefpd_aruser[10] in module zynq_ultra_ps_e_v3_5_5_zynq_ultra_ps_e is either unconnected or has no load
WARNING: [Synth 8-7129] Port sacefpd_aruser[9] in module zynq_ultra_ps_e_v3_5_5_zynq_ultra_ps_e is either unconnected or has no load
WARNING: [Synth 8-7129] Port sacefpd_aruser[8] in module zynq_ultra_ps_e_v3_5_5_zynq_ultra_ps_e is either unconnected or has no load
WARNING: [Synth 8-7129] Port sacefpd_aruser[7] in module zynq_ultra_ps_e_v3_5_5_zynq_ultra_ps_e is either unconnected or has no load
WARNING: [Synth 8-7129] Port sacefpd_aruser[6] in module zynq_ultra_ps_e_v3_5_5_zynq_ultra_ps_e is either unconnected or has no load
WARNING: [Synth 8-7129] Port test_adc_clk[3] in module zynq_ultra_ps_e_v3_5_5_zynq_ultra_ps_e is either unconnected or has no load
WARNING: [Synth 8-7129] Port test_adc_clk[2] in module zynq_ultra_ps_e_v3_5_5_zynq_ultra_ps_e is either unconnected or has no load
WARNING: [Synth 8-7129] Port test_adc_clk[1] in module zynq_ultra_ps_e_v3_5_5_zynq_ultra_ps_e is either unconnected or has no load
WARNING: [Synth 8-7129] Port test_adc_clk[0] in module zynq_ultra_ps_e_v3_5_5_zynq_ultra_ps_e is either unconnected or has no load
WARNING: [Synth 8-7129] Port test_adc_in[31] in module zynq_ultra_ps_e_v3_5_5_zynq_ultra_ps_e is either unconnected or has no load
WARNING: [Synth 8-7129] Port test_adc_in[30] in module zynq_ultra_ps_e_v3_5_5_zynq_ultra_ps_e is either unconnected or has no load
WARNING: [Synth 8-7129] Port test_adc_in[29] in module zynq_ultra_ps_e_v3_5_5_zynq_ultra_ps_e is either unconnected or has no load
WARNING: [Synth 8-7129] Port test_adc_in[28] in module zynq_ultra_ps_e_v3_5_5_zynq_ultra_ps_e is either unconnected or has no load
WARNING: [Synth 8-7129] Port test_adc_in[27] in module zynq_ultra_ps_e_v3_5_5_zynq_ultra_ps_e is either unconnected or has no load
WARNING: [Synth 8-7129] Port test_adc_in[26] in module zynq_ultra_ps_e_v3_5_5_zynq_ultra_ps_e is either unconnected or has no load
WARNING: [Synth 8-7129] Port test_adc_in[25] in module zynq_ultra_ps_e_v3_5_5_zynq_ultra_ps_e is either unconnected or has no load
WARNING: [Synth 8-7129] Port test_adc_in[24] in module zynq_ultra_ps_e_v3_5_5_zynq_ultra_ps_e is either unconnected or has no load
WARNING: [Synth 8-7129] Port test_adc_in[23] in module zynq_ultra_ps_e_v3_5_5_zynq_ultra_ps_e is either unconnected or has no load
WARNING: [Synth 8-7129] Port test_adc_in[22] in module zynq_ultra_ps_e_v3_5_5_zynq_ultra_ps_e is either unconnected or has no load
WARNING: [Synth 8-7129] Port test_adc_in[21] in module zynq_ultra_ps_e_v3_5_5_zynq_ultra_ps_e is either unconnected or has no load
WARNING: [Synth 8-7129] Port test_adc_in[20] in module zynq_ultra_ps_e_v3_5_5_zynq_ultra_ps_e is either unconnected or has no load
WARNING: [Synth 8-7129] Port test_adc_in[19] in module zynq_ultra_ps_e_v3_5_5_zynq_ultra_ps_e is either unconnected or has no load
WARNING: [Synth 8-7129] Port test_adc_in[18] in module zynq_ultra_ps_e_v3_5_5_zynq_ultra_ps_e is either unconnected or has no load
WARNING: [Synth 8-7129] Port test_adc_in[17] in module zynq_ultra_ps_e_v3_5_5_zynq_ultra_ps_e is either unconnected or has no load
WARNING: [Synth 8-7129] Port test_adc_in[16] in module zynq_ultra_ps_e_v3_5_5_zynq_ultra_ps_e is either unconnected or has no load
WARNING: [Synth 8-7129] Port test_adc_in[15] in module zynq_ultra_ps_e_v3_5_5_zynq_ultra_ps_e is either unconnected or has no load
WARNING: [Synth 8-7129] Port test_adc_in[14] in module zynq_ultra_ps_e_v3_5_5_zynq_ultra_ps_e is either unconnected or has no load
WARNING: [Synth 8-7129] Port test_adc_in[13] in module zynq_ultra_ps_e_v3_5_5_zynq_ultra_ps_e is either unconnected or has no load
WARNING: [Synth 8-7129] Port test_adc_in[12] in module zynq_ultra_ps_e_v3_5_5_zynq_ultra_ps_e is either unconnected or has no load
WARNING: [Synth 8-7129] Port test_adc_in[11] in module zynq_ultra_ps_e_v3_5_5_zynq_ultra_ps_e is either unconnected or has no load
WARNING: [Synth 8-7129] Port test_adc_in[10] in module zynq_ultra_ps_e_v3_5_5_zynq_ultra_ps_e is either unconnected or has no load
WARNING: [Synth 8-7129] Port test_adc_in[9] in module zynq_ultra_ps_e_v3_5_5_zynq_ultra_ps_e is either unconnected or has no load
WARNING: [Synth 8-7129] Port test_adc_in[8] in module zynq_ultra_ps_e_v3_5_5_zynq_ultra_ps_e is either unconnected or has no load
WARNING: [Synth 8-7129] Port test_adc_in[7] in module zynq_ultra_ps_e_v3_5_5_zynq_ultra_ps_e is either unconnected or has no load
WARNING: [Synth 8-7129] Port test_adc_in[6] in module zynq_ultra_ps_e_v3_5_5_zynq_ultra_ps_e is either unconnected or has no load
WARNING: [Synth 8-7129] Port test_adc_in[5] in module zynq_ultra_ps_e_v3_5_5_zynq_ultra_ps_e is either unconnected or has no load
WARNING: [Synth 8-7129] Port test_adc_in[4] in module zynq_ultra_ps_e_v3_5_5_zynq_ultra_ps_e is either unconnected or has no load
WARNING: [Synth 8-7129] Port test_adc_in[3] in module zynq_ultra_ps_e_v3_5_5_zynq_ultra_ps_e is either unconnected or has no load
WARNING: [Synth 8-7129] Port test_adc_in[2] in module zynq_ultra_ps_e_v3_5_5_zynq_ultra_ps_e is either unconnected or has no load
WARNING: [Synth 8-7129] Port test_adc_in[1] in module zynq_ultra_ps_e_v3_5_5_zynq_ultra_ps_e is either unconnected or has no load
WARNING: [Synth 8-7129] Port test_adc_in[0] in module zynq_ultra_ps_e_v3_5_5_zynq_ultra_ps_e is either unconnected or has no load
WARNING: [Synth 8-7129] Port test_adc2_in[31] in module zynq_ultra_ps_e_v3_5_5_zynq_ultra_ps_e is either unconnected or has no load
WARNING: [Synth 8-7129] Port test_adc2_in[30] in module zynq_ultra_ps_e_v3_5_5_zynq_ultra_ps_e is either unconnected or has no load
WARNING: [Synth 8-7129] Port test_adc2_in[29] in module zynq_ultra_ps_e_v3_5_5_zynq_ultra_ps_e is either unconnected or has no load
WARNING: [Synth 8-7129] Port test_adc2_in[28] in module zynq_ultra_ps_e_v3_5_5_zynq_ultra_ps_e is either unconnected or has no load
WARNING: [Synth 8-7129] Port test_adc2_in[27] in module zynq_ultra_ps_e_v3_5_5_zynq_ultra_ps_e is either unconnected or has no load
WARNING: [Synth 8-7129] Port test_adc2_in[26] in module zynq_ultra_ps_e_v3_5_5_zynq_ultra_ps_e is either unconnected or has no load
WARNING: [Synth 8-7129] Port test_adc2_in[25] in module zynq_ultra_ps_e_v3_5_5_zynq_ultra_ps_e is either unconnected or has no load
WARNING: [Synth 8-7129] Port test_adc2_in[24] in module zynq_ultra_ps_e_v3_5_5_zynq_ultra_ps_e is either unconnected or has no load
WARNING: [Synth 8-7129] Port test_adc2_in[23] in module zynq_ultra_ps_e_v3_5_5_zynq_ultra_ps_e is either unconnected or has no load
WARNING: [Synth 8-7129] Port test_adc2_in[22] in module zynq_ultra_ps_e_v3_5_5_zynq_ultra_ps_e is either unconnected or has no load
WARNING: [Synth 8-7129] Port test_adc2_in[21] in module zynq_ultra_ps_e_v3_5_5_zynq_ultra_ps_e is either unconnected or has no load
WARNING: [Synth 8-7129] Port test_adc2_in[20] in module zynq_ultra_ps_e_v3_5_5_zynq_ultra_ps_e is either unconnected or has no load
WARNING: [Synth 8-7129] Port test_adc2_in[19] in module zynq_ultra_ps_e_v3_5_5_zynq_ultra_ps_e is either unconnected or has no load
WARNING: [Synth 8-7129] Port test_adc2_in[18] in module zynq_ultra_ps_e_v3_5_5_zynq_ultra_ps_e is either unconnected or has no load
WARNING: [Synth 8-7129] Port test_adc2_in[17] in module zynq_ultra_ps_e_v3_5_5_zynq_ultra_ps_e is either unconnected or has no load
WARNING: [Synth 8-7129] Port test_adc2_in[16] in module zynq_ultra_ps_e_v3_5_5_zynq_ultra_ps_e is either unconnected or has no load
WARNING: [Synth 8-7129] Port test_adc2_in[15] in module zynq_ultra_ps_e_v3_5_5_zynq_ultra_ps_e is either unconnected or has no load
WARNING: [Synth 8-7129] Port test_adc2_in[14] in module zynq_ultra_ps_e_v3_5_5_zynq_ultra_ps_e is either unconnected or has no load
WARNING: [Synth 8-7129] Port test_adc2_in[13] in module zynq_ultra_ps_e_v3_5_5_zynq_ultra_ps_e is either unconnected or has no load
WARNING: [Synth 8-7129] Port test_adc2_in[12] in module zynq_ultra_ps_e_v3_5_5_zynq_ultra_ps_e is either unconnected or has no load
WARNING: [Synth 8-7129] Port test_adc2_in[11] in module zynq_ultra_ps_e_v3_5_5_zynq_ultra_ps_e is either unconnected or has no load
WARNING: [Synth 8-7129] Port test_adc2_in[10] in module zynq_ultra_ps_e_v3_5_5_zynq_ultra_ps_e is either unconnected or has no load
WARNING: [Synth 8-7129] Port test_adc2_in[9] in module zynq_ultra_ps_e_v3_5_5_zynq_ultra_ps_e is either unconnected or has no load
WARNING: [Synth 8-7129] Port test_adc2_in[8] in module zynq_ultra_ps_e_v3_5_5_zynq_ultra_ps_e is either unconnected or has no load
WARNING: [Synth 8-7129] Port test_adc2_in[7] in module zynq_ultra_ps_e_v3_5_5_zynq_ultra_ps_e is either unconnected or has no load
INFO: [Common 17-14] Message 'Synth 8-7129' appears 100 times and further instances of the messages will be disabled. Use the Tcl command set_msg_config to change the current settings.
---------------------------------------------------------------------------------
Finished RTL Elaboration : Time (s): cpu = 00:00:06 ; elapsed = 00:00:06 . Memory (MB): peak = 2768.629 ; gain = 286.625 ; free physical = 22339 ; free virtual = 49783
---------------------------------------------------------------------------------
---------------------------------------------------------------------------------
Start Handling Custom Attributes
---------------------------------------------------------------------------------
---------------------------------------------------------------------------------
Finished Handling Custom Attributes : Time (s): cpu = 00:00:06 ; elapsed = 00:00:07 . Memory (MB): peak = 2768.629 ; gain = 286.625 ; free physical = 22339 ; free virtual = 49783
---------------------------------------------------------------------------------
---------------------------------------------------------------------------------
Finished RTL Optimization Phase 1 : Time (s): cpu = 00:00:06 ; elapsed = 00:00:07 . Memory (MB): peak = 2768.629 ; gain = 286.625 ; free physical = 22339 ; free virtual = 49783
---------------------------------------------------------------------------------
Netlist sorting complete. Time (s): cpu = 00:00:00.38 ; elapsed = 00:00:00.38 . Memory (MB): peak = 2776.629 ; gain = 0.000 ; free physical = 22364 ; free virtual = 49807
INFO: [Netlist 29-17] Analyzing 43 Unisim elements for replacement
INFO: [Netlist 29-28] Unisim Transformation completed in 0 CPU seconds
INFO: [Project 1-570] Preparing netlist for logic optimization

Processing XDC Constraints
Initializing timing engine
Parsing XDC File [/home/randy/projects/Kria_KR260/Kria_KR260.gen/sources_1/bd/kria_bd/ip/kria_bd_zynq_ultra_ps_e_0_3/kria_bd_zynq_ultra_ps_e_0_3.xdc] for cell 'kria_bd_i/zynq_ultra_ps_e_0/U0'
Finished Parsing XDC File [/home/randy/projects/Kria_KR260/Kria_KR260.gen/sources_1/bd/kria_bd/ip/kria_bd_zynq_ultra_ps_e_0_3/kria_bd_zynq_ultra_ps_e_0_3.xdc] for cell 'kria_bd_i/zynq_ultra_ps_e_0/U0'
Parsing XDC File [/home/randy/projects/Kria_KR260/Kria_KR260.gen/sources_1/bd/kria_bd/ip/kria_bd_axi_intc_0_4/kria_bd_axi_intc_0_4.xdc] for cell 'kria_bd_i/axi_intc_0/U0'
Finished Parsing XDC File [/home/randy/projects/Kria_KR260/Kria_KR260.gen/sources_1/bd/kria_bd/ip/kria_bd_axi_intc_0_4/kria_bd_axi_intc_0_4.xdc] for cell 'kria_bd_i/axi_intc_0/U0'
Parsing XDC File [/home/randy/projects/Kria_KR260/Kria_KR260.gen/sources_1/bd/kria_bd/ip/kria_bd_clk_wiz_0_5/kria_bd_clk_wiz_0_5_board.xdc] for cell 'kria_bd_i/clk_wiz_0/inst'
Finished Parsing XDC File [/home/randy/projects/Kria_KR260/Kria_KR260.gen/sources_1/bd/kria_bd/ip/kria_bd_clk_wiz_0_5/kria_bd_clk_wiz_0_5_board.xdc] for cell 'kria_bd_i/clk_wiz_0/inst'
Parsing XDC File [/home/randy/projects/Kria_KR260/Kria_KR260.gen/sources_1/bd/kria_bd/ip/kria_bd_clk_wiz_0_5/kria_bd_clk_wiz_0_5.xdc] for cell 'kria_bd_i/clk_wiz_0/inst'
Finished Parsing XDC File [/home/randy/projects/Kria_KR260/Kria_KR260.gen/sources_1/bd/kria_bd/ip/kria_bd_clk_wiz_0_5/kria_bd_clk_wiz_0_5.xdc] for cell 'kria_bd_i/clk_wiz_0/inst'
INFO: [Project 1-236] Implementation specific constraints were found while reading constraint file [/home/randy/projects/Kria_KR260/Kria_KR260.gen/sources_1/bd/kria_bd/ip/kria_bd_clk_wiz_0_5/kria_bd_clk_wiz_0_5.xdc]. These constraints will be ignored for synthesis but will be used in implementation. Impacted constraints are listed in the file [.Xil/kria_bd_wrapper_propImpl.xdc].
Resolution: To avoid this warning, move constraints listed in [.Xil/kria_bd_wrapper_propImpl.xdc] to another XDC file and exclude this new file from synthesis with the used_in_synthesis property (File Properties dialog in GUI) and re-run elaboration/synthesis.
Parsing XDC File [/home/randy/projects/Kria_KR260/Kria_KR260.gen/sources_1/bd/kria_bd/ip/kria_bd_proc_sys_reset_0_6/kria_bd_proc_sys_reset_0_6_board.xdc] for cell 'kria_bd_i/proc_sys_reset_0/U0'
Finished Parsing XDC File [/home/randy/projects/Kria_KR260/Kria_KR260.gen/sources_1/bd/kria_bd/ip/kria_bd_proc_sys_reset_0_6/kria_bd_proc_sys_reset_0_6_board.xdc] for cell 'kria_bd_i/proc_sys_reset_0/U0'
Parsing XDC File [/home/randy/projects/Kria_KR260/Kria_KR260.gen/sources_1/bd/kria_bd/ip/kria_bd_proc_sys_reset_0_6/kria_bd_proc_sys_reset_0_6.xdc] for cell 'kria_bd_i/proc_sys_reset_0/U0'
Finished Parsing XDC File [/home/randy/projects/Kria_KR260/Kria_KR260.gen/sources_1/bd/kria_bd/ip/kria_bd_proc_sys_reset_0_6/kria_bd_proc_sys_reset_0_6.xdc] for cell 'kria_bd_i/proc_sys_reset_0/U0'
INFO: [Project 1-236] Implementation specific constraints were found while reading constraint file [/home/randy/projects/Kria_KR260/Kria_KR260.gen/sources_1/bd/kria_bd/ip/kria_bd_proc_sys_reset_0_6/kria_bd_proc_sys_reset_0_6.xdc]. These constraints will be ignored for synthesis but will be used in implementation. Impacted constraints are listed in the file [.Xil/kria_bd_wrapper_propImpl.xdc].
Resolution: To avoid this warning, move constraints listed in [.Xil/kria_bd_wrapper_propImpl.xdc] to another XDC file and exclude this new file from synthesis with the used_in_synthesis property (File Properties dialog in GUI) and re-run elaboration/synthesis.
Parsing XDC File [/home/randy/projects/Kria_KR260/Kria_KR260.gen/sources_1/bd/kria_bd/ip/kria_bd_axi_smc_7/bd_0/ip/ip_1/bd_9880_psr_aclk_0_board.xdc] for cell 'kria_bd_i/axi_smc/inst/clk_map/psr_aclk/U0'
Finished Parsing XDC File [/home/randy/projects/Kria_KR260/Kria_KR260.gen/sources_1/bd/kria_bd/ip/kria_bd_axi_smc_7/bd_0/ip/ip_1/bd_9880_psr_aclk_0_board.xdc] for cell 'kria_bd_i/axi_smc/inst/clk_map/psr_aclk/U0'
Parsing XDC File [/home/randy/projects/Kria_KR260/Kria_KR260.gen/sources_1/bd/kria_bd/ip/kria_bd_axi_smc_7/bd_0/ip/ip_1/bd_9880_psr_aclk_0.xdc] for cell 'kria_bd_i/axi_smc/inst/clk_map/psr_aclk/U0'
Finished Parsing XDC File [/home/randy/projects/Kria_KR260/Kria_KR260.gen/sources_1/bd/kria_bd/ip/kria_bd_axi_smc_7/bd_0/ip/ip_1/bd_9880_psr_aclk_0.xdc] for cell 'kria_bd_i/axi_smc/inst/clk_map/psr_aclk/U0'
INFO: [Project 1-236] Implementation specific constraints were found while reading constraint file [/home/randy/projects/Kria_KR260/Kria_KR260.gen/sources_1/bd/kria_bd/ip/kria_bd_axi_smc_7/bd_0/ip/ip_1/bd_9880_psr_aclk_0.xdc]. These constraints will be ignored for synthesis but will be used in implementation. Impacted constraints are listed in the file [.Xil/kria_bd_wrapper_propImpl.xdc].
Resolution: To avoid this warning, move constraints listed in [.Xil/kria_bd_wrapper_propImpl.xdc] to another XDC file and exclude this new file from synthesis with the used_in_synthesis property (File Properties dialog in GUI) and re-run elaboration/synthesis.
Parsing XDC File [/home/randy/projects/Kria_KR260/Kria_KR260.gen/sources_1/bd/kria_bd/ip/kria_bd_axi_smc_7/smartconnect.xdc] for cell 'kria_bd_i/axi_smc/inst'
Finished Parsing XDC File [/home/randy/projects/Kria_KR260/Kria_KR260.gen/sources_1/bd/kria_bd/ip/kria_bd_axi_smc_7/smartconnect.xdc] for cell 'kria_bd_i/axi_smc/inst'
Parsing XDC File [/home/randy/projects/Kria_KR260/Kria_KR260.gen/sources_1/bd/kria_bd/ip/kria_bd_proc_sys_reset_1_1/kria_bd_proc_sys_reset_1_1_board.xdc] for cell 'kria_bd_i/proc_sys_reset_1/U0'
Finished Parsing XDC File [/home/randy/projects/Kria_KR260/Kria_KR260.gen/sources_1/bd/kria_bd/ip/kria_bd_proc_sys_reset_1_1/kria_bd_proc_sys_reset_1_1_board.xdc] for cell 'kria_bd_i/proc_sys_reset_1/U0'
Parsing XDC File [/home/randy/projects/Kria_KR260/Kria_KR260.gen/sources_1/bd/kria_bd/ip/kria_bd_proc_sys_reset_1_1/kria_bd_proc_sys_reset_1_1.xdc] for cell 'kria_bd_i/proc_sys_reset_1/U0'
Finished Parsing XDC File [/home/randy/projects/Kria_KR260/Kria_KR260.gen/sources_1/bd/kria_bd/ip/kria_bd_proc_sys_reset_1_1/kria_bd_proc_sys_reset_1_1.xdc] for cell 'kria_bd_i/proc_sys_reset_1/U0'
INFO: [Project 1-236] Implementation specific constraints were found while reading constraint file [/home/randy/projects/Kria_KR260/Kria_KR260.gen/sources_1/bd/kria_bd/ip/kria_bd_proc_sys_reset_1_1/kria_bd_proc_sys_reset_1_1.xdc]. These constraints will be ignored for synthesis but will be used in implementation. Impacted constraints are listed in the file [.Xil/kria_bd_wrapper_propImpl.xdc].
Resolution: To avoid this warning, move constraints listed in [.Xil/kria_bd_wrapper_propImpl.xdc] to another XDC file and exclude this new file from synthesis with the used_in_synthesis property (File Properties dialog in GUI) and re-run elaboration/synthesis.
INFO: [Timing 38-2] Deriving generated clocks
Parsing XDC File [/home/randy/projects/Kria_KR260/Kria_KR260.runs/synth_1/dont_touch.xdc]
Finished Parsing XDC File [/home/randy/projects/Kria_KR260/Kria_KR260.runs/synth_1/dont_touch.xdc]
INFO: [Project 1-236] Implementation specific constraints were found while reading constraint file [/home/randy/projects/Kria_KR260/Kria_KR260.runs/synth_1/dont_touch.xdc]. These constraints will be ignored for synthesis but will be used in implementation. Impacted constraints are listed in the file [.Xil/kria_bd_wrapper_propImpl.xdc].
Resolution: To avoid this warning, move constraints listed in [.Xil/kria_bd_wrapper_propImpl.xdc] to another XDC file and exclude this new file from synthesis with the used_in_synthesis property (File Properties dialog in GUI) and re-run elaboration/synthesis.
Parsing XDC File [/home/randy/projects/Kria_KR260/Kria_KR260.gen/sources_1/bd/kria_bd/ip/kria_bd_axi_intc_0_4/kria_bd_axi_intc_0_4_clocks.xdc] for cell 'kria_bd_i/axi_intc_0/U0'
Finished Parsing XDC File [/home/randy/projects/Kria_KR260/Kria_KR260.gen/sources_1/bd/kria_bd/ip/kria_bd_axi_intc_0_4/kria_bd_axi_intc_0_4_clocks.xdc] for cell 'kria_bd_i/axi_intc_0/U0'
INFO: [Project 1-1714] 14 XPM XDC files have been applied to the design.
Completed Processing XDC Constraints

Netlist sorting complete. Time (s): cpu = 00:00:00 ; elapsed = 00:00:00 . Memory (MB): peak = 2982.117 ; gain = 0.000 ; free physical = 22357 ; free virtual = 49812
INFO: [Project 1-111] Unisim Transformation Summary:
  A total of 42 instances were transformed.
  BUFG => BUFGCE: 2 instances
  FDR => FDRE: 36 instances
  IBUF => IBUF (IBUFCTRL, INBUF): 1 instance 
  SRL16 => SRL16E: 3 instances

Constraint Validation Runtime : Time (s): cpu = 00:00:00.04 ; elapsed = 00:00:00.04 . Memory (MB): peak = 2982.117 ; gain = 0.000 ; free physical = 22357 ; free virtual = 49812
INFO: [Designutils 20-5008] Incremental synthesis strategy off
---------------------------------------------------------------------------------
Finished Constraint Validation : Time (s): cpu = 00:00:18 ; elapsed = 00:00:17 . Memory (MB): peak = 2982.117 ; gain = 500.113 ; free physical = 22359 ; free virtual = 49808
---------------------------------------------------------------------------------
---------------------------------------------------------------------------------
Start Loading Part and Timing Information
---------------------------------------------------------------------------------
Loading part: xck26-sfvc784-2LV-c
INFO: [Synth 8-6742] Reading net delay rules and data
---------------------------------------------------------------------------------
Finished Loading Part and Timing Information : Time (s): cpu = 00:00:18 ; elapsed = 00:00:17 . Memory (MB): peak = 2990.121 ; gain = 508.117 ; free physical = 22359 ; free virtual = 49808
---------------------------------------------------------------------------------
---------------------------------------------------------------------------------
Start Applying 'set_property' XDC Constraints
---------------------------------------------------------------------------------
Applied set_property DONT_TOUCH = true for kria_bd_i/zynq_ultra_ps_e_0/U0/PS8_i. (constraint file  /home/randy/projects/Kria_KR260/Kria_KR260.gen/sources_1/bd/kria_bd/ip/kria_bd_zynq_ultra_ps_e_0_3/kria_bd_zynq_ultra_ps_e_0_3.xdc, line 26).
Applied set_property keep_hierarchy = soft for kria_bd_i/clk_wiz_0/inst. (constraint file  /home/randy/projects/Kria_KR260/Kria_KR260.gen/sources_1/bd/kria_bd/ip/kria_bd_clk_wiz_0_5/kria_bd_clk_wiz_0_5.xdc, line 53).
Applied set_property KEEP_HIERARCHY = SOFT for kria_bd_i/zynq_ultra_ps_e_0/U0. (constraint file  /home/randy/projects/Kria_KR260/Kria_KR260.runs/synth_1/dont_touch.xdc, line 70).
Applied set_property KEEP_HIERARCHY = SOFT for kria_bd_i/axi_intc_0/U0. (constraint file  /home/randy/projects/Kria_KR260/Kria_KR260.runs/synth_1/dont_touch.xdc, line 73).
Applied set_property KEEP_HIERARCHY = SOFT for kria_bd_i/clk_wiz_0/inst. (constraint file  /home/randy/projects/Kria_KR260/Kria_KR260.runs/synth_1/dont_touch.xdc, line 81).
Applied set_property KEEP_HIERARCHY = SOFT for kria_bd_i/proc_sys_reset_0/U0. (constraint file  /home/randy/projects/Kria_KR260/Kria_KR260.runs/synth_1/dont_touch.xdc, line 89).
Applied set_property KEEP_HIERARCHY = SOFT for kria_bd_i/axi_smc/inst. (constraint file  /home/randy/projects/Kria_KR260/Kria_KR260.runs/synth_1/dont_touch.xdc, line 117).
Applied set_property KEEP_HIERARCHY = SOFT for kria_bd_i/proc_sys_reset_1/U0. (constraint file  /home/randy/projects/Kria_KR260/Kria_KR260.runs/synth_1/dont_touch.xdc, line 120).
Applied set_property KEEP_HIERARCHY = SOFT for kria_bd_i. (constraint file  auto generated constraint).
Applied set_property KEEP_HIERARCHY = SOFT for kria_bd_i/zynq_ultra_ps_e_0. (constraint file  auto generated constraint).
Applied set_property KEEP_HIERARCHY = SOFT for kria_bd_i/axi_intc_0. (constraint file  auto generated constraint).
Applied set_property KEEP_HIERARCHY = SOFT for kria_bd_i/clk_wiz_0. (constraint file  auto generated constraint).
Applied set_property KEEP_HIERARCHY = SOFT for kria_bd_i/proc_sys_reset_0. (constraint file  auto generated constraint).
Applied set_property KEEP_HIERARCHY = SOFT for kria_bd_i/axi_smc. (constraint file  auto generated constraint).
Applied set_property KEEP_HIERARCHY = SOFT for kria_bd_i/proc_sys_reset_1. (constraint file  auto generated constraint).
Applied set_property KEEP_HIERARCHY = SOFT for kria_bd_i/axi_smc/inst/s00_nodes/s00_ar_node/inst/m_sc_xpm_cdc_async_rst_inst. (constraint file  auto generated constraint).
Applied set_property KEEP_HIERARCHY = SOFT for kria_bd_i/axi_smc/inst/s00_nodes/s00_aw_node/inst/m_sc_xpm_cdc_async_rst_inst. (constraint file  auto generated constraint).
Applied set_property KEEP_HIERARCHY = SOFT for kria_bd_i/axi_smc/inst/s00_nodes/s00_b_node/inst/m_sc_xpm_cdc_async_rst_inst. (constraint file  auto generated constraint).
Applied set_property KEEP_HIERARCHY = SOFT for kria_bd_i/axi_smc/inst/s00_nodes/s00_r_node/inst/m_sc_xpm_cdc_async_rst_inst. (constraint file  auto generated constraint).
Applied set_property KEEP_HIERARCHY = SOFT for kria_bd_i/axi_smc/inst/s00_nodes/s00_w_node/inst/m_sc_xpm_cdc_async_rst_inst. (constraint file  auto generated constraint).
Applied set_property KEEP_HIERARCHY = SOFT for kria_bd_i/axi_smc/inst/s00_nodes/s00_ar_node/inst/s_sc_xpm_cdc_async_rst_inst. (constraint file  auto generated constraint).
Applied set_property KEEP_HIERARCHY = SOFT for kria_bd_i/axi_smc/inst/s00_nodes/s00_aw_node/inst/s_sc_xpm_cdc_async_rst_inst. (constraint file  auto generated constraint).
Applied set_property KEEP_HIERARCHY = SOFT for kria_bd_i/axi_smc/inst/s00_nodes/s00_b_node/inst/s_sc_xpm_cdc_async_rst_inst. (constraint file  auto generated constraint).
Applied set_property KEEP_HIERARCHY = SOFT for kria_bd_i/axi_smc/inst/s00_nodes/s00_r_node/inst/s_sc_xpm_cdc_async_rst_inst. (constraint file  auto generated constraint).
Applied set_property KEEP_HIERARCHY = SOFT for kria_bd_i/axi_smc/inst/s00_nodes/s00_w_node/inst/s_sc_xpm_cdc_async_rst_inst. (constraint file  auto generated constraint).
Applied set_property KEEP_HIERARCHY = SOFT for kria_bd_i/axi_smc/inst/m00_exit_pipeline/m00_exit/inst/xpm_cdc_async_rst_inst. (constraint file  auto generated constraint).
Applied set_property KEEP_HIERARCHY = SOFT for kria_bd_i/axi_smc/inst/s00_entry_pipeline/s00_mmu/inst/xpm_cdc_async_rst_inst. (constraint file  auto generated constraint).
Applied set_property KEEP_HIERARCHY = SOFT for kria_bd_i/axi_smc/inst/s00_entry_pipeline/s00_si_converter/inst/xpm_cdc_async_rst_inst. (constraint file  auto generated constraint).
Applied set_property KEEP_HIERARCHY = SOFT for kria_bd_i/axi_smc/inst/s00_entry_pipeline/s00_transaction_regulator/inst/xpm_cdc_async_rst_inst. (constraint file  auto generated constraint).
---------------------------------------------------------------------------------
Finished applying 'set_property' XDC Constraints : Time (s): cpu = 00:00:18 ; elapsed = 00:00:17 . Memory (MB): peak = 2990.121 ; gain = 508.117 ; free physical = 22359 ; free virtual = 49808
---------------------------------------------------------------------------------
INFO: [Synth 8-802] inferred FSM for state register 'state_reg' in module 'slave_attachment'
INFO: [Synth 8-802] inferred FSM for state register 'gen_axi.gen_write.write_cs_reg' in module 'sc_mmu_v1_0_14_decerr_slave'
INFO: [Synth 8-802] inferred FSM for state register 'gen_endpoint.w_state_reg' in module 'sc_mmu_v1_0_14_top'
INFO: [Synth 8-802] inferred FSM for state register 'gen_endpoint.r_state_reg' in module 'sc_mmu_v1_0_14_top'
INFO: [Synth 8-802] inferred FSM for state register 'w_state_reg' in module 'sc_si_converter_v1_0_14_axilite_conv'
INFO: [Synth 8-802] inferred FSM for state register 'r_state_reg' in module 'sc_si_converter_v1_0_14_axilite_conv'
---------------------------------------------------------------------------------------------------
                   State |                     New Encoding |                Previous Encoding 
---------------------------------------------------------------------------------------------------
                 iSTATE2 |                             0001 |                               00
                  iSTATE |                             0010 |                               01
                 iSTATE0 |                             0100 |                               10
                 iSTATE1 |                             1000 |                               11
---------------------------------------------------------------------------------------------------
INFO: [Synth 8-3354] encoded FSM with state register 'state_reg' using encoding 'one-hot' in module 'slave_attachment'
---------------------------------------------------------------------------------------------------
                   State |                     New Encoding |                Previous Encoding 
---------------------------------------------------------------------------------------------------
            P_WRITE_IDLE |                              001 |                               00
            P_WRITE_DATA |                              010 |                               01
            P_WRITE_RESP |                              100 |                               10
---------------------------------------------------------------------------------------------------
INFO: [Synth 8-3354] encoded FSM with state register 'gen_axi.gen_write.write_cs_reg' using encoding 'one-hot' in module 'sc_mmu_v1_0_14_decerr_slave'
---------------------------------------------------------------------------------------------------
                   State |                     New Encoding |                Previous Encoding 
---------------------------------------------------------------------------------------------------
                  iSTATE |                               00 | 00000000000000000000000000000000
*
                 W_STALL |                               01 | 00000000000000000000000000000001
               W_PENDING |                               10 | 00000000000000000000000000000010
                W_DECERR |                               11 | 00000000000000000000000000000011
---------------------------------------------------------------------------------------------------
INFO: [Synth 8-3354] encoded FSM with state register 'gen_endpoint.w_state_reg' using encoding 'sequential' in module 'sc_mmu_v1_0_14_top'
---------------------------------------------------------------------------------------------------
                   State |                     New Encoding |                Previous Encoding 
---------------------------------------------------------------------------------------------------
                  iSTATE |                               00 | 00000000000000000000000000000000
*
                 R_STALL |                               01 | 00000000000000000000000000000001
               R_PENDING |                               10 | 00000000000000000000000000000010
                R_DECERR |                               11 | 00000000000000000000000000000011
---------------------------------------------------------------------------------------------------
INFO: [Synth 8-3354] encoded FSM with state register 'gen_endpoint.r_state_reg' using encoding 'sequential' in module 'sc_mmu_v1_0_14_top'
---------------------------------------------------------------------------------------------------
                   State |                     New Encoding |                Previous Encoding 
---------------------------------------------------------------------------------------------------
                  W_IDLE |                              000 | 00000000000000000000000000000000
                    W_RX |                              001 | 00000000000000000000000000000001
                    W_TX |                              010 | 00000000000000000000000000000010
              W_COMPLETE |                              011 | 00000000000000000000000000000100
               W_RECOVER |                              100 | 00000000000000000000000000000011
---------------------------------------------------------------------------------------------------
INFO: [Synth 8-3354] encoded FSM with state register 'w_state_reg' using encoding 'sequential' in module 'sc_si_converter_v1_0_14_axilite_conv'
---------------------------------------------------------------------------------------------------
                   State |                     New Encoding |                Previous Encoding 
---------------------------------------------------------------------------------------------------
                  R_IDLE |                               00 | 00000000000000000000000000000000
               R_PENDING |                               01 | 00000000000000000000000000000001
                    R_RX |                               10 | 00000000000000000000000000000010
                    R_TX |                               11 | 00000000000000000000000000000011
---------------------------------------------------------------------------------------------------
INFO: [Synth 8-3354] encoded FSM with state register 'r_state_reg' using encoding 'sequential' in module 'sc_si_converter_v1_0_14_axilite_conv'
---------------------------------------------------------------------------------
Finished RTL Optimization Phase 2 : Time (s): cpu = 00:00:19 ; elapsed = 00:00:19 . Memory (MB): peak = 2990.121 ; gain = 508.117 ; free physical = 22351 ; free virtual = 49804
---------------------------------------------------------------------------------
---------------------------------------------------------------------------------
Start RTL Component Statistics 
---------------------------------------------------------------------------------
Detailed RTL Component Info : 
+---Adders : 
	   2 Input   12 Bit       Adders := 2     
	   2 Input   10 Bit       Adders := 1     
	   2 Input    9 Bit       Adders := 3     
	   2 Input    8 Bit       Adders := 3     
	   2 Input    7 Bit       Adders := 2     
	   2 Input    6 Bit       Adders := 3     
	   2 Input    4 Bit       Adders := 6     
	   2 Input    3 Bit       Adders := 1     
	   2 Input    1 Bit       Adders := 5     
	   3 Input    1 Bit       Adders := 2     
+---XORs : 
	   2 Input      1 Bit         XORs := 26    
+---Registers : 
	             2178 Bit    Registers := 4     
	              512 Bit    Registers := 1     
	              179 Bit    Registers := 2     
	               70 Bit    Registers := 1     
	               69 Bit    Registers := 1     
	               64 Bit    Registers := 4     
	               47 Bit    Registers := 1     
	               40 Bit    Registers := 1     
	               33 Bit    Registers := 1     
	               32 Bit    Registers := 5     
	               23 Bit    Registers := 1     
	               16 Bit    Registers := 4     
	               12 Bit    Registers := 1     
	                9 Bit    Registers := 5     
	                8 Bit    Registers := 4     
	                7 Bit    Registers := 3     
	                6 Bit    Registers := 3     
	                5 Bit    Registers := 3     
	                4 Bit    Registers := 7     
	                3 Bit    Registers := 27    
	                2 Bit    Registers := 12    
	                1 Bit    Registers := 189   
+---Muxes : 
	   2 Input 2178 Bit        Muxes := 2     
	   4 Input   40 Bit        Muxes := 1     
	   2 Input   40 Bit        Muxes := 1     
	   2 Input   32 Bit        Muxes := 3     
	   4 Input   32 Bit        Muxes := 1     
	   2 Input   16 Bit        Muxes := 2     
	   2 Input   12 Bit        Muxes := 5     
	   5 Input   12 Bit        Muxes := 1     
	   2 Input    9 Bit        Muxes := 4     
	   5 Input    9 Bit        Muxes := 1     
	   2 Input    8 Bit        Muxes := 3     
	   4 Input    8 Bit        Muxes := 1     
	   4 Input    7 Bit        Muxes := 1     
	   2 Input    7 Bit        Muxes := 7     
	   2 Input    6 Bit        Muxes := 3     
	   4 Input    4 Bit        Muxes := 1     
	   2 Input    4 Bit        Muxes := 6     
	   2 Input    3 Bit        Muxes := 6     
	   5 Input    3 Bit        Muxes := 1     
	   2 Input    2 Bit        Muxes := 20    
	   3 Input    2 Bit        Muxes := 1     
	   4 Input    2 Bit        Muxes := 7     
	   5 Input    2 Bit        Muxes := 1     
	   2 Input    1 Bit        Muxes := 127   
	   4 Input    1 Bit        Muxes := 28    
	   3 Input    1 Bit        Muxes := 8     
	   6 Input    1 Bit        Muxes := 8     
	   7 Input    1 Bit        Muxes := 4     
	   5 Input    1 Bit        Muxes := 16    
---------------------------------------------------------------------------------
Finished RTL Component Statistics 
---------------------------------------------------------------------------------
---------------------------------------------------------------------------------
Start Part Resource Summary
---------------------------------------------------------------------------------
Part Resources:
DSPs: 1248 (col length:96)
BRAMs: 288 (col length: RAMB18 96 RAMB36 48)
---------------------------------------------------------------------------------
Finished Part Resource Summary
---------------------------------------------------------------------------------
---------------------------------------------------------------------------------
Start Cross Boundary and Area Optimization
---------------------------------------------------------------------------------
WARNING: [Synth 8-7080] Parallel synthesis criteria is not met
WARNING: [Synth 8-3332] Sequential element (clk_map/psr_aclk/U0/EXT_LPF/ACTIVE_LOW_EXT.ACT_LO_EXT/GENERATE_LEVEL_P_S_CDC.SINGLE_BIT.CROSS_PLEVEL_IN2SCNDRY_s_level_out_d5) is unused and will be removed from module bd_9880.
WARNING: [Synth 8-3332] Sequential element (clk_map/psr_aclk/U0/EXT_LPF/ACTIVE_LOW_EXT.ACT_LO_EXT/GENERATE_LEVEL_P_S_CDC.SINGLE_BIT.CROSS_PLEVEL_IN2SCNDRY_s_level_out_d6) is unused and will be removed from module bd_9880.
WARNING: [Synth 8-3332] Sequential element (clk_map/psr_aclk/U0/EXT_LPF/ACTIVE_LOW_AUX.ACT_LO_AUX/GENERATE_LEVEL_P_S_CDC.SINGLE_BIT.CROSS_PLEVEL_IN2SCNDRY_s_level_out_d5) is unused and will be removed from module bd_9880.
WARNING: [Synth 8-3332] Sequential element (clk_map/psr_aclk/U0/EXT_LPF/ACTIVE_LOW_AUX.ACT_LO_AUX/GENERATE_LEVEL_P_S_CDC.SINGLE_BIT.CROSS_PLEVEL_IN2SCNDRY_s_level_out_d6) is unused and will be removed from module bd_9880.
WARNING: [Synth 8-3332] Sequential element (clk_map/psr_aclk/U0/FDRE_inst) is unused and will be removed from module bd_9880.
WARNING: [Synth 8-3332] Sequential element (clk_map/psr_aclk/U0/BSR_OUT_DFF[0].FDRE_BSR) is unused and will be removed from module bd_9880.
WARNING: [Synth 8-3332] Sequential element (clk_map/psr_aclk/U0/PR_OUT_DFF[0].FDRE_PER) is unused and will be removed from module bd_9880.
WARNING: [Synth 8-3332] Sequential element (clk_map/psr_aclk/U0/ACTIVE_LOW_PR_OUT_DFF[0].FDRE_PER_N) is unused and will be removed from module bd_9880.
WARNING: [Synth 8-3332] Sequential element (EXT_LPF/ACTIVE_LOW_EXT.ACT_LO_EXT/GENERATE_LEVEL_P_S_CDC.SINGLE_BIT.CROSS_PLEVEL_IN2SCNDRY_s_level_out_d5) is unused and will be removed from module proc_sys_reset__parameterized1.
WARNING: [Synth 8-3332] Sequential element (EXT_LPF/ACTIVE_LOW_EXT.ACT_LO_EXT/GENERATE_LEVEL_P_S_CDC.SINGLE_BIT.CROSS_PLEVEL_IN2SCNDRY_s_level_out_d6) is unused and will be removed from module proc_sys_reset__parameterized1.
WARNING: [Synth 8-3332] Sequential element (EXT_LPF/ACTIVE_LOW_AUX.ACT_LO_AUX/GENERATE_LEVEL_P_S_CDC.SINGLE_BIT.CROSS_PLEVEL_IN2SCNDRY_s_level_out_d5) is unused and will be removed from module proc_sys_reset__parameterized1.
WARNING: [Synth 8-3332] Sequential element (EXT_LPF/ACTIVE_LOW_AUX.ACT_LO_AUX/GENERATE_LEVEL_P_S_CDC.SINGLE_BIT.CROSS_PLEVEL_IN2SCNDRY_s_level_out_d6) is unused and will be removed from module proc_sys_reset__parameterized1.
WARNING: [Synth 8-3332] Sequential element (FDRE_inst) is unused and will be removed from module proc_sys_reset__parameterized1.
WARNING: [Synth 8-3332] Sequential element (BSR_OUT_DFF[0].FDRE_BSR) is unused and will be removed from module proc_sys_reset__parameterized1.
WARNING: [Synth 8-3332] Sequential element (ACTIVE_LOW_BSR_OUT_DFF[0].FDRE_BSR_N) is unused and will be removed from module proc_sys_reset__parameterized1.
WARNING: [Synth 8-3332] Sequential element (PR_OUT_DFF[0].FDRE_PER) is unused and will be removed from module proc_sys_reset__parameterized1.
---------------------------------------------------------------------------------
Finished Cross Boundary and Area Optimization : Time (s): cpu = 00:00:22 ; elapsed = 00:00:22 . Memory (MB): peak = 2990.121 ; gain = 508.117 ; free physical = 22367 ; free virtual = 49822
---------------------------------------------------------------------------------
---------------------------------------------------------------------------------
Start Applying XDC Timing Constraints
---------------------------------------------------------------------------------
INFO: [Synth 8-5578] Moved timing constraint from pin 'kria_bd_i/clk_wiz_0/inst/clk_in1' to pin 'kria_bd_i/zynq_ultra_ps_e_0/U0/buffer_pl_clk_0.PL_CLK_0_BUFG/O'
WARNING: [Synth 8-3321] set_false_path : Empty to list for constraint at line 49 of /home/randy/projects/Kria_KR260/Kria_KR260.gen/sources_1/bd/kria_bd/ip/kria_bd_proc_sys_reset_1_1/kria_bd_proc_sys_reset_1_1.xdc. [/home/randy/projects/Kria_KR260/Kria_KR260.gen/sources_1/bd/kria_bd/ip/kria_bd_proc_sys_reset_1_1/kria_bd_proc_sys_reset_1_1.xdc:49]
INFO: [Synth 8-5819] Moved 1 constraints on hierarchical pins to their respective driving/loading pins
---------------------------------------------------------------------------------
Finished Applying XDC Timing Constraints : Time (s): cpu = 00:00:29 ; elapsed = 00:00:30 . Memory (MB): peak = 4607.312 ; gain = 2125.309 ; free physical = 20822 ; free virtual = 48310
---------------------------------------------------------------------------------
---------------------------------------------------------------------------------
Start Timing Optimization
---------------------------------------------------------------------------------
---------------------------------------------------------------------------------
Finished Timing Optimization : Time (s): cpu = 00:00:30 ; elapsed = 00:00:30 . Memory (MB): peak = 4662.359 ; gain = 2180.355 ; free physical = 20766 ; free virtual = 48255
---------------------------------------------------------------------------------
---------------------------------------------------------------------------------
Start Technology Mapping
---------------------------------------------------------------------------------
---------------------------------------------------------------------------------
Finished Technology Mapping : Time (s): cpu = 00:00:31 ; elapsed = 00:00:31 . Memory (MB): peak = 4670.367 ; gain = 2188.363 ; free physical = 20759 ; free virtual = 48248
---------------------------------------------------------------------------------
---------------------------------------------------------------------------------
Start IO Insertion
---------------------------------------------------------------------------------
---------------------------------------------------------------------------------
Start Flattening Before IO Insertion
---------------------------------------------------------------------------------
---------------------------------------------------------------------------------
Finished Flattening Before IO Insertion
---------------------------------------------------------------------------------
---------------------------------------------------------------------------------
Start Final Netlist Cleanup
---------------------------------------------------------------------------------
---------------------------------------------------------------------------------
Finished Final Netlist Cleanup
---------------------------------------------------------------------------------
WARNING: [Synth 8-3295] tying undriven pin trace_ctl_pipe[0]_inferred:in0 to constant 0
WARNING: [Synth 8-3295] tying undriven pin trace_data_pipe[0]_inferred:in0[31] to constant 0
WARNING: [Synth 8-3295] tying undriven pin trace_data_pipe[0]_inferred:in0[30] to constant 0
WARNING: [Synth 8-3295] tying undriven pin trace_data_pipe[0]_inferred:in0[29] to constant 0
WARNING: [Synth 8-3295] tying undriven pin trace_data_pipe[0]_inferred:in0[28] to constant 0
WARNING: [Synth 8-3295] tying undriven pin trace_data_pipe[0]_inferred:in0[27] to constant 0
WARNING: [Synth 8-3295] tying undriven pin trace_data_pipe[0]_inferred:in0[26] to constant 0
WARNING: [Synth 8-3295] tying undriven pin trace_data_pipe[0]_inferred:in0[25] to constant 0
WARNING: [Synth 8-3295] tying undriven pin trace_data_pipe[0]_inferred:in0[24] to constant 0
WARNING: [Synth 8-3295] tying undriven pin trace_data_pipe[0]_inferred:in0[23] to constant 0
WARNING: [Synth 8-3295] tying undriven pin trace_data_pipe[0]_inferred:in0[22] to constant 0
WARNING: [Synth 8-3295] tying undriven pin trace_data_pipe[0]_inferred:in0[21] to constant 0
WARNING: [Synth 8-3295] tying undriven pin trace_data_pipe[0]_inferred:in0[20] to constant 0
WARNING: [Synth 8-3295] tying undriven pin trace_data_pipe[0]_inferred:in0[19] to constant 0
WARNING: [Synth 8-3295] tying undriven pin trace_data_pipe[0]_inferred:in0[18] to constant 0
WARNING: [Synth 8-3295] tying undriven pin trace_data_pipe[0]_inferred:in0[17] to constant 0
WARNING: [Synth 8-3295] tying undriven pin trace_data_pipe[0]_inferred:in0[16] to constant 0
WARNING: [Synth 8-3295] tying undriven pin trace_data_pipe[0]_inferred:in0[15] to constant 0
WARNING: [Synth 8-3295] tying undriven pin trace_data_pipe[0]_inferred:in0[14] to constant 0
WARNING: [Synth 8-3295] tying undriven pin trace_data_pipe[0]_inferred:in0[13] to constant 0
WARNING: [Synth 8-3295] tying undriven pin trace_data_pipe[0]_inferred:in0[12] to constant 0
WARNING: [Synth 8-3295] tying undriven pin trace_data_pipe[0]_inferred:in0[11] to constant 0
WARNING: [Synth 8-3295] tying undriven pin trace_data_pipe[0]_inferred:in0[10] to constant 0
WARNING: [Synth 8-3295] tying undriven pin trace_data_pipe[0]_inferred:in0[9] to constant 0
WARNING: [Synth 8-3295] tying undriven pin trace_data_pipe[0]_inferred:in0[8] to constant 0
WARNING: [Synth 8-3295] tying undriven pin trace_data_pipe[0]_inferred:in0[7] to constant 0
WARNING: [Synth 8-3295] tying undriven pin trace_data_pipe[0]_inferred:in0[6] to constant 0
WARNING: [Synth 8-3295] tying undriven pin trace_data_pipe[0]_inferred:in0[5] to constant 0
WARNING: [Synth 8-3295] tying undriven pin trace_data_pipe[0]_inferred:in0[4] to constant 0
WARNING: [Synth 8-3295] tying undriven pin trace_data_pipe[0]_inferred:in0[3] to constant 0
WARNING: [Synth 8-3295] tying undriven pin trace_data_pipe[0]_inferred:in0[2] to constant 0
WARNING: [Synth 8-3295] tying undriven pin trace_data_pipe[0]_inferred:in0[1] to constant 0
WARNING: [Synth 8-3295] tying undriven pin trace_data_pipe[0]_inferred:in0[0] to constant 0
WARNING: [Synth 8-3295] tying undriven pin trace_ctl_pipe[7]_inferred:in0 to constant 0
WARNING: [Synth 8-3295] tying undriven pin trace_ctl_pipe[6]_inferred:in0 to constant 0
WARNING: [Synth 8-3295] tying undriven pin trace_ctl_pipe[5]_inferred:in0 to constant 0
WARNING: [Synth 8-3295] tying undriven pin trace_ctl_pipe[4]_inferred:in0 to constant 0
WARNING: [Synth 8-3295] tying undriven pin trace_ctl_pipe[3]_inferred:in0 to constant 0
WARNING: [Synth 8-3295] tying undriven pin trace_ctl_pipe[2]_inferred:in0 to constant 0
WARNING: [Synth 8-3295] tying undriven pin trace_ctl_pipe[1]_inferred:in0 to constant 0
WARNING: [Synth 8-3295] tying undriven pin trace_data_pipe[7]_inferred:in0[31] to constant 0
WARNING: [Synth 8-3295] tying undriven pin trace_data_pipe[7]_inferred:in0[30] to constant 0
WARNING: [Synth 8-3295] tying undriven pin trace_data_pipe[7]_inferred:in0[29] to constant 0
WARNING: [Synth 8-3295] tying undriven pin trace_data_pipe[7]_inferred:in0[28] to constant 0
WARNING: [Synth 8-3295] tying undriven pin trace_data_pipe[7]_inferred:in0[27] to constant 0
WARNING: [Synth 8-3295] tying undriven pin trace_data_pipe[7]_inferred:in0[26] to constant 0
WARNING: [Synth 8-3295] tying undriven pin trace_data_pipe[7]_inferred:in0[25] to constant 0
WARNING: [Synth 8-3295] tying undriven pin trace_data_pipe[7]_inferred:in0[24] to constant 0
WARNING: [Synth 8-3295] tying undriven pin trace_data_pipe[7]_inferred:in0[23] to constant 0
WARNING: [Synth 8-3295] tying undriven pin trace_data_pipe[7]_inferred:in0[22] to constant 0
WARNING: [Synth 8-3295] tying undriven pin trace_data_pipe[7]_inferred:in0[21] to constant 0
WARNING: [Synth 8-3295] tying undriven pin trace_data_pipe[7]_inferred:in0[20] to constant 0
WARNING: [Synth 8-3295] tying undriven pin trace_data_pipe[7]_inferred:in0[19] to constant 0
WARNING: [Synth 8-3295] tying undriven pin trace_data_pipe[7]_inferred:in0[18] to constant 0
WARNING: [Synth 8-3295] tying undriven pin trace_data_pipe[7]_inferred:in0[17] to constant 0
WARNING: [Synth 8-3295] tying undriven pin trace_data_pipe[7]_inferred:in0[16] to constant 0
WARNING: [Synth 8-3295] tying undriven pin trace_data_pipe[7]_inferred:in0[15] to constant 0
WARNING: [Synth 8-3295] tying undriven pin trace_data_pipe[7]_inferred:in0[14] to constant 0
WARNING: [Synth 8-3295] tying undriven pin trace_data_pipe[7]_inferred:in0[13] to constant 0
WARNING: [Synth 8-3295] tying undriven pin trace_data_pipe[7]_inferred:in0[12] to constant 0
WARNING: [Synth 8-3295] tying undriven pin trace_data_pipe[7]_inferred:in0[11] to constant 0
WARNING: [Synth 8-3295] tying undriven pin trace_data_pipe[7]_inferred:in0[10] to constant 0
WARNING: [Synth 8-3295] tying undriven pin trace_data_pipe[7]_inferred:in0[9] to constant 0
WARNING: [Synth 8-3295] tying undriven pin trace_data_pipe[7]_inferred:in0[8] to constant 0
WARNING: [Synth 8-3295] tying undriven pin trace_data_pipe[7]_inferred:in0[7] to constant 0
WARNING: [Synth 8-3295] tying undriven pin trace_data_pipe[7]_inferred:in0[6] to constant 0
WARNING: [Synth 8-3295] tying undriven pin trace_data_pipe[7]_inferred:in0[5] to constant 0
WARNING: [Synth 8-3295] tying undriven pin trace_data_pipe[7]_inferred:in0[4] to constant 0
WARNING: [Synth 8-3295] tying undriven pin trace_data_pipe[7]_inferred:in0[3] to constant 0
WARNING: [Synth 8-3295] tying undriven pin trace_data_pipe[7]_inferred:in0[2] to constant 0
WARNING: [Synth 8-3295] tying undriven pin trace_data_pipe[7]_inferred:in0[1] to constant 0
WARNING: [Synth 8-3295] tying undriven pin trace_data_pipe[7]_inferred:in0[0] to constant 0
WARNING: [Synth 8-3295] tying undriven pin trace_data_pipe[6]_inferred:in0[31] to constant 0
WARNING: [Synth 8-3295] tying undriven pin trace_data_pipe[6]_inferred:in0[30] to constant 0
WARNING: [Synth 8-3295] tying undriven pin trace_data_pipe[6]_inferred:in0[29] to constant 0
WARNING: [Synth 8-3295] tying undriven pin trace_data_pipe[6]_inferred:in0[28] to constant 0
WARNING: [Synth 8-3295] tying undriven pin trace_data_pipe[6]_inferred:in0[27] to constant 0
WARNING: [Synth 8-3295] tying undriven pin trace_data_pipe[6]_inferred:in0[26] to constant 0
WARNING: [Synth 8-3295] tying undriven pin trace_data_pipe[6]_inferred:in0[25] to constant 0
WARNING: [Synth 8-3295] tying undriven pin trace_data_pipe[6]_inferred:in0[24] to constant 0
WARNING: [Synth 8-3295] tying undriven pin trace_data_pipe[6]_inferred:in0[23] to constant 0
WARNING: [Synth 8-3295] tying undriven pin trace_data_pipe[6]_inferred:in0[22] to constant 0
WARNING: [Synth 8-3295] tying undriven pin trace_data_pipe[6]_inferred:in0[21] to constant 0
WARNING: [Synth 8-3295] tying undriven pin trace_data_pipe[6]_inferred:in0[20] to constant 0
WARNING: [Synth 8-3295] tying undriven pin trace_data_pipe[6]_inferred:in0[19] to constant 0
WARNING: [Synth 8-3295] tying undriven pin trace_data_pipe[6]_inferred:in0[18] to constant 0
WARNING: [Synth 8-3295] tying undriven pin trace_data_pipe[6]_inferred:in0[17] to constant 0
WARNING: [Synth 8-3295] tying undriven pin trace_data_pipe[6]_inferred:in0[16] to constant 0
WARNING: [Synth 8-3295] tying undriven pin trace_data_pipe[6]_inferred:in0[15] to constant 0
WARNING: [Synth 8-3295] tying undriven pin trace_data_pipe[6]_inferred:in0[14] to constant 0
WARNING: [Synth 8-3295] tying undriven pin trace_data_pipe[6]_inferred:in0[13] to constant 0
WARNING: [Synth 8-3295] tying undriven pin trace_data_pipe[6]_inferred:in0[12] to constant 0
WARNING: [Synth 8-3295] tying undriven pin trace_data_pipe[6]_inferred:in0[11] to constant 0
WARNING: [Synth 8-3295] tying undriven pin trace_data_pipe[6]_inferred:in0[10] to constant 0
WARNING: [Synth 8-3295] tying undriven pin trace_data_pipe[6]_inferred:in0[9] to constant 0
WARNING: [Synth 8-3295] tying undriven pin trace_data_pipe[6]_inferred:in0[8] to constant 0
WARNING: [Synth 8-3295] tying undriven pin trace_data_pipe[6]_inferred:in0[7] to constant 0
WARNING: [Synth 8-3295] tying undriven pin trace_data_pipe[6]_inferred:in0[6] to constant 0
WARNING: [Synth 8-3295] tying undriven pin trace_data_pipe[6]_inferred:in0[5] to constant 0
WARNING: [Synth 8-3295] tying undriven pin trace_data_pipe[6]_inferred:in0[4] to constant 0
INFO: [Common 17-14] Message 'Synth 8-3295' appears 100 times and further instances of the messages will be disabled. Use the Tcl command set_msg_config to change the current settings.
---------------------------------------------------------------------------------
Finished IO Insertion : Time (s): cpu = 00:00:33 ; elapsed = 00:00:33 . Memory (MB): peak = 4800.180 ; gain = 2318.176 ; free physical = 20656 ; free virtual = 48144
---------------------------------------------------------------------------------
---------------------------------------------------------------------------------
Start Renaming Generated Instances
---------------------------------------------------------------------------------
---------------------------------------------------------------------------------
Finished Renaming Generated Instances : Time (s): cpu = 00:00:33 ; elapsed = 00:00:33 . Memory (MB): peak = 4800.180 ; gain = 2318.176 ; free physical = 20656 ; free virtual = 48144
---------------------------------------------------------------------------------
---------------------------------------------------------------------------------
Start Rebuilding User Hierarchy
---------------------------------------------------------------------------------
---------------------------------------------------------------------------------
Finished Rebuilding User Hierarchy : Time (s): cpu = 00:00:33 ; elapsed = 00:00:33 . Memory (MB): peak = 4800.180 ; gain = 2318.176 ; free physical = 20648 ; free virtual = 48136
---------------------------------------------------------------------------------
---------------------------------------------------------------------------------
Start Renaming Generated Ports
---------------------------------------------------------------------------------
---------------------------------------------------------------------------------
Finished Renaming Generated Ports : Time (s): cpu = 00:00:33 ; elapsed = 00:00:33 . Memory (MB): peak = 4800.180 ; gain = 2318.176 ; free physical = 20648 ; free virtual = 48136
---------------------------------------------------------------------------------
---------------------------------------------------------------------------------
Start Handling Custom Attributes
---------------------------------------------------------------------------------
---------------------------------------------------------------------------------
Finished Handling Custom Attributes : Time (s): cpu = 00:00:33 ; elapsed = 00:00:33 . Memory (MB): peak = 4800.180 ; gain = 2318.176 ; free physical = 20648 ; free virtual = 48136
---------------------------------------------------------------------------------
---------------------------------------------------------------------------------
Start Renaming Generated Nets
---------------------------------------------------------------------------------
---------------------------------------------------------------------------------
Finished Renaming Generated Nets : Time (s): cpu = 00:00:33 ; elapsed = 00:00:33 . Memory (MB): peak = 4800.180 ; gain = 2318.176 ; free physical = 20648 ; free virtual = 48136
---------------------------------------------------------------------------------
---------------------------------------------------------------------------------
Start Writing Synthesis Report
---------------------------------------------------------------------------------

Report BlackBoxes: 
+-+--------------+----------+
| |BlackBox name |Instances |
+-+--------------+----------+
+-+--------------+----------+

Report Cell Usage: 
+------+-----------+------+
|      |Cell       |Count |
+------+-----------+------+
|1     |BUFG       |     2|
|2     |BUFG_PS    |     2|
|3     |LUT1       |   322|
|4     |LUT2       |   105|
|5     |LUT3       |   178|
|6     |LUT4       |   139|
|7     |LUT5       |   106|
|8     |LUT6       |   209|
|9     |MMCME4_ADV |     1|
|10    |PS8        |     1|
|11    |SRL16      |     2|
|12    |FDCE       |    42|
|13    |FDR        |    16|
|14    |FDRE       |   603|
|15    |FDSE       |    19|
|16    |IBUF       |     1|
+------+-----------+------+
---------------------------------------------------------------------------------
Finished Writing Synthesis Report : Time (s): cpu = 00:00:33 ; elapsed = 00:00:33 . Memory (MB): peak = 4800.180 ; gain = 2318.176 ; free physical = 20648 ; free virtual = 48136
---------------------------------------------------------------------------------
Synthesis finished with 0 errors, 0 critical warnings and 15864 warnings.
Synthesis Optimization Runtime : Time (s): cpu = 00:00:25 ; elapsed = 00:00:26 . Memory (MB): peak = 4800.180 ; gain = 2104.688 ; free physical = 20648 ; free virtual = 48137
Synthesis Optimization Complete : Time (s): cpu = 00:00:33 ; elapsed = 00:00:33 . Memory (MB): peak = 4800.180 ; gain = 2318.176 ; free physical = 20648 ; free virtual = 48137
INFO: [Project 1-571] Translating synthesized netlist
Netlist sorting complete. Time (s): cpu = 00:00:00.06 ; elapsed = 00:00:00.07 . Memory (MB): peak = 4800.180 ; gain = 0.000 ; free physical = 20811 ; free virtual = 48299
INFO: [Netlist 29-17] Analyzing 22 Unisim elements for replacement
INFO: [Netlist 29-28] Unisim Transformation completed in 0 CPU seconds
INFO: [Project 1-570] Preparing netlist for logic optimization
WARNING: [Opt 31-32] Removing redundant IBUF since it is not being driven by a top-level port. kria_bd_i/clk_wiz_0/inst/clkin1_ibuf 
Resolution: The tool has removed redundant IBUF. To resolve this warning, check for redundant IBUF in the input design.
INFO: [Opt 31-138] Pushed 0 inverter(s) to 0 load pin(s).
INFO: [Opt 31-326] The CLKFBOUT to CLKFBIN net for instance kria_bd_i/clk_wiz_0/inst/mmcme4_adv_inst with COMPENSATION=INTERNAL is optimized away to aid design routability
Netlist sorting complete. Time (s): cpu = 00:00:00 ; elapsed = 00:00:00 . Memory (MB): peak = 4800.180 ; gain = 0.000 ; free physical = 20785 ; free virtual = 48285
INFO: [Project 1-111] Unisim Transformation Summary:
  A total of 20 instances were transformed.
  BUFG => BUFGCE: 2 instances
  FDR => FDRE: 16 instances
  SRL16 => SRL16E: 2 instances

Synth Design complete | Checksum: 1e050955
INFO: [Common 17-83] Releasing license: Synthesis
215 Infos, 296 Warnings, 0 Critical Warnings and 0 Errors encountered.
synth_design completed successfully
synth_design: Time (s): cpu = 00:00:47 ; elapsed = 00:00:45 . Memory (MB): peak = 4800.180 ; gain = 3314.301 ; free physical = 20785 ; free virtual = 48285
INFO: [Common 17-2834] synth_design peak Physical Memory [PSS] (MB): overall = 3992.629; main = 3902.237; forked = 268.403
INFO: [Common 17-2834] synth_design peak Virtual Memory [VSS] (MB): overall = 5578.148; main = 4782.379; forked = 915.785
Write ShapeDB Complete: Time (s): cpu = 00:00:00.01 ; elapsed = 00:00:00 . Memory (MB): peak = 4806.387 ; gain = 0.000 ; free physical = 20785 ; free virtual = 48285
INFO: [Common 17-1381] The checkpoint '/home/randy/projects/Kria_KR260/Kria_KR260.runs/synth_1/kria_bd_wrapper.dcp' has been generated.
INFO: [Vivado 12-24828] Executing command : report_utilization -file kria_bd_wrapper_utilization_synth.rpt -pb kria_bd_wrapper_utilization_synth.pb
INFO: [Common 17-206] Exiting Vivado at Sat Jan  3 19:41:41 2026...
