Copyright 1986-2022 Xilinx, Inc. All Rights Reserved. Copyright 2022-2024 Advanced Micro Devices, Inc. All Rights Reserved.
-----------------------------------------------------------------------------------------------------------------------------------------------------------------------------------------------------------------------------------------------
| Tool Version      : Vivado v.2024.2 (lin64) Build 5239630 Fri Nov 08 22:34:34 MST 2024
| Date              : Sat Jan  3 19:42:57 2026
| Host              : randy-HP-Laptop-17t-cn300 running 64-bit Ubuntu 22.04.5 LTS
| Command           : report_timing_summary -max_paths 10 -report_unconstrained -file kria_bd_wrapper_timing_summary_routed.rpt -pb kria_bd_wrapper_timing_summary_routed.pb -rpx kria_bd_wrapper_timing_summary_routed.rpx -warn_on_violation
| Design            : kria_bd_wrapper
| Device            : xck26-sfvc784
| Speed File        : -2LV  PRODUCTION 1.30 05-15-2022
| Design State      : Routed
| Temperature Grade : C
-----------------------------------------------------------------------------------------------------------------------------------------------------------------------------------------------------------------------------------------------

Timing Summary Report

------------------------------------------------------------------------------------------------
| Timer Settings
| --------------
------------------------------------------------------------------------------------------------

  Enable Multi Corner Analysis               :  Yes
  Enable Pessimism Removal                   :  Yes
  Pessimism Removal Resolution               :  Nearest Common Node
  Enable Input Delay Default Clock           :  No
  Enable Preset / Clear Arcs                 :  No
  Disable Flight Delays                      :  No
  Ignore I/O Paths                           :  No
  Timing Early Launch at Borrowing Latches   :  No
  Borrow Time for Max Delay Exceptions       :  Yes
  Merge Timing Exceptions                    :  Yes
  Inter-SLR Compensation                     :  Conservative

  Corner  Analyze    Analyze    
  Name    Max Paths  Min Paths  
  ------  ---------  ---------  
  Slow    Yes        Yes        
  Fast    Yes        Yes        


------------------------------------------------------------------------------------------------
| Report Methodology
| ------------------
------------------------------------------------------------------------------------------------

Rule      Severity          Description                                         Violations  
--------  ----------------  --------------------------------------------------  ----------  
TIMING-2  Critical Warning  Invalid primary clock source pin                    1           
TIMING-4  Critical Warning  Invalid primary clock redefinition on a clock tree  1           
CLKC-40   Advisory          Substitute PLLE4 for MMCME4 check                   1           
CLKC-56   Advisory          MMCME4 with global clock driver has no LOC          1           

Note: This report is based on the most recent report_methodology run and may not be up-to-date. Run report_methodology on the current design for the latest report.



check_timing report

Table of Contents
-----------------
1. checking no_clock (0)
2. checking constant_clock (0)
3. checking pulse_width_clock (0)
4. checking unconstrained_internal_endpoints (0)
5. checking no_input_delay (0)
6. checking no_output_delay (0)
7. checking multiple_clock (0)
8. checking generated_clocks (0)
9. checking loops (0)
10. checking partial_input_delay (0)
11. checking partial_output_delay (0)
12. checking latch_loops (0)

1. checking no_clock (0)
------------------------
 There are 0 register/latch pins with no clock.


2. checking constant_clock (0)
------------------------------
 There are 0 register/latch pins with constant_clock.


3. checking pulse_width_clock (0)
---------------------------------
 There are 0 register/latch pins which need pulse_width check


4. checking unconstrained_internal_endpoints (0)
------------------------------------------------
 There are 0 pins that are not constrained for maximum delay.

 There are 0 pins that are not constrained for maximum delay due to constant clock.


5. checking no_input_delay (0)
------------------------------
 There are 0 input ports with no input delay specified.

 There are 0 input ports with no input delay but user has a false path constraint.


6. checking no_output_delay (0)
-------------------------------
 There are 0 ports with no output delay specified.

 There are 0 ports with no output delay but user has a false path constraint

 There are 0 ports with no output delay but with a timing clock defined on it or propagating through it


7. checking multiple_clock (0)
------------------------------
 There are 0 register/latch pins with multiple clocks.


8. checking generated_clocks (0)
--------------------------------
 There are 0 generated clocks that are not connected to a clock source.


9. checking loops (0)
---------------------
 There are 0 combinational loops in the design.


10. checking partial_input_delay (0)
------------------------------------
 There are 0 input ports with partial input delay specified.


11. checking partial_output_delay (0)
-------------------------------------
 There are 0 ports with partial output delay specified.


12. checking latch_loops (0)
----------------------------
 There are 0 combinational latch loops in the design through latch input



------------------------------------------------------------------------------------------------
| Design Timing Summary
| ---------------------
------------------------------------------------------------------------------------------------

    WNS(ns)      TNS(ns)  TNS Failing Endpoints  TNS Total Endpoints      WHS(ns)      THS(ns)  THS Failing Endpoints  THS Total Endpoints     WPWS(ns)     TPWS(ns)  TPWS Failing Endpoints  TPWS Total Endpoints  
    -------      -------  ---------------------  -------------------      -------      -------  ---------------------  -------------------     --------     --------  ----------------------  --------------------  
      7.068        0.000                      0                 1490        0.013        0.000                      0                 1490        2.000        0.000                       0                   669  


All user specified timing constraints are met.


------------------------------------------------------------------------------------------------
| Clock Summary
| -------------
------------------------------------------------------------------------------------------------

Clock                             Waveform(ns)       Period(ns)      Frequency(MHz)
-----                             ------------       ----------      --------------
clk_pl_0                          {0.000 5.000}      10.000          100.000         
clk_pl_1                          {0.000 5.000}      10.000          100.000         
kria_bd_i/clk_wiz_0/inst/clk_in1  {0.000 5.000}      10.000          100.000         
  clk_out1_kria_bd_clk_wiz_0_5    {0.000 5.000}      10.000          100.000         


------------------------------------------------------------------------------------------------
| Intra Clock Table
| -----------------
------------------------------------------------------------------------------------------------

Clock                                 WNS(ns)      TNS(ns)  TNS Failing Endpoints  TNS Total Endpoints      WHS(ns)      THS(ns)  THS Failing Endpoints  THS Total Endpoints     WPWS(ns)     TPWS(ns)  TPWS Failing Endpoints  TPWS Total Endpoints  
-----                                 -------      -------  ---------------------  -------------------      -------      -------  ---------------------  -------------------     --------     --------  ----------------------  --------------------  
kria_bd_i/clk_wiz_0/inst/clk_in1                                                                                                                                                    2.000        0.000                       0                     1  
  clk_out1_kria_bd_clk_wiz_0_5          7.068        0.000                      0                 1490        0.013        0.000                      0                 1490        3.500        0.000                       0                   668  


------------------------------------------------------------------------------------------------
| Inter Clock Table
| -----------------
------------------------------------------------------------------------------------------------

From Clock    To Clock          WNS(ns)      TNS(ns)  TNS Failing Endpoints  TNS Total Endpoints      WHS(ns)      THS(ns)  THS Failing Endpoints  THS Total Endpoints  
----------    --------          -------      -------  ---------------------  -------------------      -------      -------  ---------------------  -------------------  


------------------------------------------------------------------------------------------------
| Other Path Groups Table
| -----------------------
------------------------------------------------------------------------------------------------

Path Group    From Clock    To Clock          WNS(ns)      TNS(ns)  TNS Failing Endpoints  TNS Total Endpoints      WHS(ns)      THS(ns)  THS Failing Endpoints  THS Total Endpoints  
----------    ----------    --------          -------      -------  ---------------------  -------------------      -------      -------  ---------------------  -------------------  


------------------------------------------------------------------------------------------------
| User Ignored Path Table
| -----------------------
------------------------------------------------------------------------------------------------

Path Group                    From Clock                    To Clock                    
----------                    ----------                    --------                    
(none)                                                      clk_out1_kria_bd_clk_wiz_0_5  
(none)                        clk_out1_kria_bd_clk_wiz_0_5  clk_out1_kria_bd_clk_wiz_0_5  


------------------------------------------------------------------------------------------------
| Unconstrained Path Table
| ------------------------
------------------------------------------------------------------------------------------------

Path Group                    From Clock                    To Clock                    
----------                    ----------                    --------                    
(none)                                                      clk_out1_kria_bd_clk_wiz_0_5  


------------------------------------------------------------------------------------------------
| Timing Details
| --------------
------------------------------------------------------------------------------------------------


---------------------------------------------------------------------------------------------------
From Clock:  kria_bd_i/clk_wiz_0/inst/clk_in1
  To Clock:  kria_bd_i/clk_wiz_0/inst/clk_in1

Setup :           NA  Failing Endpoints,  Worst Slack           NA  ,  Total Violation           NA
Hold  :           NA  Failing Endpoints,  Worst Slack           NA  ,  Total Violation           NA
PW    :            0  Failing Endpoints,  Worst Slack        2.000ns,  Total Violation        0.000ns
---------------------------------------------------------------------------------------------------


Pulse Width Checks
--------------------------------------------------------------------------------------
Clock Name:         kria_bd_i/clk_wiz_0/inst/clk_in1
Waveform(ns):       { 0.000 5.000 }
Period(ns):         10.000
Sources:            { kria_bd_i/clk_wiz_0/inst/clk_in1 }

Check Type        Corner  Lib Pin            Reference Pin  Required(ns)  Actual(ns)  Slack(ns)  Location   Pin
Min Period        n/a     MMCME4_ADV/CLKIN1  n/a            1.071         10.000      8.929      MMCM_X0Y3  kria_bd_i/clk_wiz_0/inst/mmcme4_adv_inst/CLKIN1
Max Period        n/a     MMCME4_ADV/CLKIN1  n/a            100.000       10.000      90.000     MMCM_X0Y3  kria_bd_i/clk_wiz_0/inst/mmcme4_adv_inst/CLKIN1
Low Pulse Width   Slow    MMCME4_ADV/CLKIN1  n/a            3.000         5.000       2.000      MMCM_X0Y3  kria_bd_i/clk_wiz_0/inst/mmcme4_adv_inst/CLKIN1
Low Pulse Width   Fast    MMCME4_ADV/CLKIN1  n/a            3.000         5.000       2.000      MMCM_X0Y3  kria_bd_i/clk_wiz_0/inst/mmcme4_adv_inst/CLKIN1
High Pulse Width  Slow    MMCME4_ADV/CLKIN1  n/a            3.000         5.000       2.000      MMCM_X0Y3  kria_bd_i/clk_wiz_0/inst/mmcme4_adv_inst/CLKIN1
High Pulse Width  Fast    MMCME4_ADV/CLKIN1  n/a            3.000         5.000       2.000      MMCM_X0Y3  kria_bd_i/clk_wiz_0/inst/mmcme4_adv_inst/CLKIN1



---------------------------------------------------------------------------------------------------
From Clock:  clk_out1_kria_bd_clk_wiz_0_5
  To Clock:  clk_out1_kria_bd_clk_wiz_0_5

Setup :            0  Failing Endpoints,  Worst Slack        7.068ns,  Total Violation        0.000ns
Hold  :            0  Failing Endpoints,  Worst Slack        0.013ns,  Total Violation        0.000ns
PW    :            0  Failing Endpoints,  Worst Slack        3.500ns,  Total Violation        0.000ns
---------------------------------------------------------------------------------------------------


Max Delay Paths
--------------------------------------------------------------------------------------
Slack (MET) :             7.068ns  (required time - arrival time)
  Source:                 <hidden>
                            (rising edge-triggered cell FDRE clocked by clk_out1_kria_bd_clk_wiz_0_5  {rise@0.000ns fall@5.000ns period=10.000ns})
  Destination:            kria_bd_i/zynq_ultra_ps_e_0/U0/PS8_i/MAXIGP2RLAST
                            (rising edge-triggered cell PS8 clocked by clk_out1_kria_bd_clk_wiz_0_5  {rise@0.000ns fall@5.000ns period=10.000ns})
  Path Group:             clk_out1_kria_bd_clk_wiz_0_5
  Path Type:              Setup (Max at Slow Process Corner)
  Requirement:            10.000ns  (clk_out1_kria_bd_clk_wiz_0_5 rise@10.000ns - clk_out1_kria_bd_clk_wiz_0_5 rise@0.000ns)
  Data Path Delay:        1.828ns  (logic 0.584ns (31.944%)  route 1.244ns (68.056%))
  Logic Levels:           3  (LUT3=1 LUT4=1 LUT6=1)
  Clock Path Skew:        -0.125ns (DCD - SCD + CPR)
    Destination Clock Delay (DCD):    4.145ns = ( 14.145 - 10.000 ) 
    Source Clock Delay      (SCD):    3.719ns
    Clock Pessimism Removal (CPR):    -0.551ns
  Clock Uncertainty:      0.068ns  ((TSJ^2 + DJ^2)^1/2) / 2 + PE
    Total System Jitter     (TSJ):    0.071ns
    Discrete Jitter          (DJ):    0.116ns
    Phase Error              (PE):    0.000ns
  Clock Net Delay (Source):      1.819ns (routing 0.795ns, distribution 1.024ns)
  Clock Net Delay (Destination): 1.602ns (routing 0.734ns, distribution 0.868ns)

    Location             Delay type                Incr(ns)  Path(ns)    Netlist Resource(s)
  -------------------------------------------------------------------    -------------------
                         (clock clk_out1_kria_bd_clk_wiz_0_5 rise edge)
                                                      0.000     0.000 r  
    BUFG_PS_X0Y81        BUFG_PS                      0.000     0.000 r  kria_bd_i/zynq_ultra_ps_e_0/U0/buffer_pl_clk_0.PL_CLK_0_BUFG/O
                         net (fo=1, routed)           1.611     1.611    kria_bd_i/clk_wiz_0/inst/clk_in1
    MMCM_X0Y3            MMCME4_ADV (Prop_MMCM_CLKIN1_CLKOUT0)
                                                     -0.103     1.508 r  kria_bd_i/clk_wiz_0/inst/mmcme4_adv_inst/CLKOUT0
                         net (fo=1, routed)           0.348     1.856    kria_bd_i/clk_wiz_0/inst/clk_out1_kria_bd_clk_wiz_0_5
    BUFGCE_X0Y76         BUFGCE (Prop_BUFCE_BUFGCE_I_O)
                                                      0.044     1.900 r  kria_bd_i/clk_wiz_0/inst/clkout1_buf/O
    X0Y3 (CLOCK_ROOT)    net (fo=666, routed)         1.819     3.719    <hidden>
    SLICE_X4Y188         FDRE                                         r  <hidden>
  -------------------------------------------------------------------    -------------------
    SLICE_X4Y188         FDRE (Prop_DFF2_SLICEM_C_Q)
                                                      0.115     3.834 f  <hidden>
                         net (fo=6, routed)           0.245     4.079    <hidden>
    SLICE_X3Y188         LUT6 (Prop_G6LUT_SLICEL_I2_O)
                                                      0.226     4.305 f  <hidden>
                         net (fo=3, routed)           0.171     4.476    <hidden>
    SLICE_X2Y186         LUT3 (Prop_C5LUT_SLICEM_I1_O)
                                                      0.093     4.569 r  <hidden>
                         net (fo=11, routed)          0.478     5.047    <hidden>
    SLICE_X0Y193         LUT4 (Prop_F6LUT_SLICEL_I0_O)
                                                      0.150     5.197 r  <hidden>
                         net (fo=1, routed)           0.350     5.547    kria_bd_i/zynq_ultra_ps_e_0/U0/maxigp2_rlast
    PS8_X0Y0             PS8                                          r  kria_bd_i/zynq_ultra_ps_e_0/U0/PS8_i/MAXIGP2RLAST
  -------------------------------------------------------------------    -------------------

                         (clock clk_out1_kria_bd_clk_wiz_0_5 rise edge)
                                                     10.000    10.000 r  
    BUFG_PS_X0Y81        BUFG_PS                      0.000    10.000 r  kria_bd_i/zynq_ultra_ps_e_0/U0/buffer_pl_clk_0.PL_CLK_0_BUFG/O
                         net (fo=1, routed)           1.458    11.458    kria_bd_i/clk_wiz_0/inst/clk_in1
    MMCM_X0Y3            MMCME4_ADV (Prop_MMCM_CLKIN1_CLKOUT0)
                                                      0.739    12.197 r  kria_bd_i/clk_wiz_0/inst/mmcme4_adv_inst/CLKOUT0
                         net (fo=1, routed)           0.307    12.504    kria_bd_i/clk_wiz_0/inst/clk_out1_kria_bd_clk_wiz_0_5
    BUFGCE_X0Y76         BUFGCE (Prop_BUFCE_BUFGCE_I_O)
                                                      0.039    12.543 r  kria_bd_i/clk_wiz_0/inst/clkout1_buf/O
    X0Y3 (CLOCK_ROOT)    net (fo=666, routed)         1.602    14.145    kria_bd_i/zynq_ultra_ps_e_0/U0/maxihpm0_lpd_aclk
    PS8_X0Y0             PS8                                          r  kria_bd_i/zynq_ultra_ps_e_0/U0/PS8_i/MAXIGP2ACLK
                         clock pessimism             -0.551    13.594    
                         clock uncertainty           -0.068    13.526    
    PS8_X0Y0             PS8 (Setup_PS8_MAXIGP2ACLK_MAXIGP2RLAST)
                                                     -0.911    12.615    kria_bd_i/zynq_ultra_ps_e_0/U0/PS8_i
  -------------------------------------------------------------------
                         required time                         12.615    
                         arrival time                          -5.547    
  -------------------------------------------------------------------
                         slack                                  7.068    

Slack (MET) :             7.145ns  (required time - arrival time)
  Source:                 kria_bd_i/zynq_ultra_ps_e_0/U0/PS8_i/MAXIGP2ACLK
                            (rising edge-triggered cell PS8 clocked by clk_out1_kria_bd_clk_wiz_0_5  {rise@0.000ns fall@5.000ns period=10.000ns})
  Destination:            <hidden>
                            (rising edge-triggered cell FDRE clocked by clk_out1_kria_bd_clk_wiz_0_5  {rise@0.000ns fall@5.000ns period=10.000ns})
  Path Group:             clk_out1_kria_bd_clk_wiz_0_5
  Path Type:              Setup (Max at Slow Process Corner)
  Requirement:            10.000ns  (clk_out1_kria_bd_clk_wiz_0_5 rise@10.000ns - clk_out1_kria_bd_clk_wiz_0_5 rise@0.000ns)
  Data Path Delay:        2.674ns  (logic 1.384ns (51.751%)  route 1.290ns (48.249%))
  Logic Levels:           4  (LUT4=1 LUT5=1 LUT6=2)
  Clock Path Skew:        -0.035ns (DCD - SCD + CPR)
    Destination Clock Delay (DCD):    4.183ns = ( 14.183 - 10.000 ) 
    Source Clock Delay      (SCD):    3.667ns
    Clock Pessimism Removal (CPR):    -0.551ns
  Clock Uncertainty:      0.068ns  ((TSJ^2 + DJ^2)^1/2) / 2 + PE
    Total System Jitter     (TSJ):    0.071ns
    Discrete Jitter          (DJ):    0.116ns
    Phase Error              (PE):    0.000ns
  Clock Net Delay (Source):      1.767ns (routing 0.795ns, distribution 0.972ns)
  Clock Net Delay (Destination): 1.640ns (routing 0.734ns, distribution 0.906ns)

    Location             Delay type                Incr(ns)  Path(ns)    Netlist Resource(s)
  -------------------------------------------------------------------    -------------------
                         (clock clk_out1_kria_bd_clk_wiz_0_5 rise edge)
                                                      0.000     0.000 r  
    BUFG_PS_X0Y81        BUFG_PS                      0.000     0.000 r  kria_bd_i/zynq_ultra_ps_e_0/U0/buffer_pl_clk_0.PL_CLK_0_BUFG/O
                         net (fo=1, routed)           1.611     1.611    kria_bd_i/clk_wiz_0/inst/clk_in1
    MMCM_X0Y3            MMCME4_ADV (Prop_MMCM_CLKIN1_CLKOUT0)
                                                     -0.103     1.508 r  kria_bd_i/clk_wiz_0/inst/mmcme4_adv_inst/CLKOUT0
                         net (fo=1, routed)           0.348     1.856    kria_bd_i/clk_wiz_0/inst/clk_out1_kria_bd_clk_wiz_0_5
    BUFGCE_X0Y76         BUFGCE (Prop_BUFCE_BUFGCE_I_O)
                                                      0.044     1.900 r  kria_bd_i/clk_wiz_0/inst/clkout1_buf/O
    X0Y3 (CLOCK_ROOT)    net (fo=666, routed)         1.767     3.667    kria_bd_i/zynq_ultra_ps_e_0/U0/maxihpm0_lpd_aclk
    PS8_X0Y0             PS8                                          r  kria_bd_i/zynq_ultra_ps_e_0/U0/PS8_i/MAXIGP2ACLK
  -------------------------------------------------------------------    -------------------
    PS8_X0Y0             PS8 (Prop_PS8_MAXIGP2ACLK_MAXIGP2AWADDR[19])
                                                      0.712     4.379 r  kria_bd_i/zynq_ultra_ps_e_0/U0/PS8_i/MAXIGP2AWADDR[19]
                         net (fo=1, routed)           0.400     4.779    <hidden>
    SLICE_X0Y197         LUT4 (Prop_H6LUT_SLICEL_I0_O)
                                                      0.137     4.916 r  <hidden>
                         net (fo=1, routed)           0.240     5.156    <hidden>
    SLICE_X0Y200         LUT6 (Prop_D6LUT_SLICEL_I4_O)
                                                      0.152     5.308 r  <hidden>
                         net (fo=7, routed)           0.172     5.480    <hidden>
    SLICE_X1Y201         LUT6 (Prop_H6LUT_SLICEM_I1_O)
                                                      0.154     5.634 r  <hidden>
                         net (fo=1, routed)           0.073     5.707    <hidden>
    SLICE_X1Y201         LUT5 (Prop_B5LUT_SLICEM_I3_O)
                                                      0.229     5.936 r  <hidden>
                         net (fo=2, routed)           0.405     6.341    <hidden>
    SLICE_X3Y202         FDRE                                         r  <hidden>
  -------------------------------------------------------------------    -------------------

                         (clock clk_out1_kria_bd_clk_wiz_0_5 rise edge)
                                                     10.000    10.000 r  
    BUFG_PS_X0Y81        BUFG_PS                      0.000    10.000 r  kria_bd_i/zynq_ultra_ps_e_0/U0/buffer_pl_clk_0.PL_CLK_0_BUFG/O
                         net (fo=1, routed)           1.458    11.458    kria_bd_i/clk_wiz_0/inst/clk_in1
    MMCM_X0Y3            MMCME4_ADV (Prop_MMCM_CLKIN1_CLKOUT0)
                                                      0.739    12.197 r  kria_bd_i/clk_wiz_0/inst/mmcme4_adv_inst/CLKOUT0
                         net (fo=1, routed)           0.307    12.504    kria_bd_i/clk_wiz_0/inst/clk_out1_kria_bd_clk_wiz_0_5
    BUFGCE_X0Y76         BUFGCE (Prop_BUFCE_BUFGCE_I_O)
                                                      0.039    12.543 r  kria_bd_i/clk_wiz_0/inst/clkout1_buf/O
    X0Y3 (CLOCK_ROOT)    net (fo=666, routed)         1.640    14.183    <hidden>
    SLICE_X3Y202         FDRE                                         r  <hidden>
                         clock pessimism             -0.551    13.632    
                         clock uncertainty           -0.068    13.564    
    SLICE_X3Y202         FDRE (Setup_DFF2_SLICEL_C_CE)
                                                     -0.078    13.486    <hidden>
  -------------------------------------------------------------------
                         required time                         13.486    
                         arrival time                          -6.341    
  -------------------------------------------------------------------
                         slack                                  7.145    

Slack (MET) :             7.202ns  (required time - arrival time)
  Source:                 kria_bd_i/zynq_ultra_ps_e_0/U0/PS8_i/MAXIGP2ACLK
                            (rising edge-triggered cell PS8 clocked by clk_out1_kria_bd_clk_wiz_0_5  {rise@0.000ns fall@5.000ns period=10.000ns})
  Destination:            <hidden>
                            (rising edge-triggered cell FDRE clocked by clk_out1_kria_bd_clk_wiz_0_5  {rise@0.000ns fall@5.000ns period=10.000ns})
  Path Group:             clk_out1_kria_bd_clk_wiz_0_5
  Path Type:              Setup (Max at Slow Process Corner)
  Requirement:            10.000ns  (clk_out1_kria_bd_clk_wiz_0_5 rise@10.000ns - clk_out1_kria_bd_clk_wiz_0_5 rise@0.000ns)
  Data Path Delay:        2.611ns  (logic 1.384ns (53.000%)  route 1.227ns (47.000%))
  Logic Levels:           4  (LUT4=1 LUT5=1 LUT6=2)
  Clock Path Skew:        -0.040ns (DCD - SCD + CPR)
    Destination Clock Delay (DCD):    4.178ns = ( 14.178 - 10.000 ) 
    Source Clock Delay      (SCD):    3.667ns
    Clock Pessimism Removal (CPR):    -0.551ns
  Clock Uncertainty:      0.068ns  ((TSJ^2 + DJ^2)^1/2) / 2 + PE
    Total System Jitter     (TSJ):    0.071ns
    Discrete Jitter          (DJ):    0.116ns
    Phase Error              (PE):    0.000ns
  Clock Net Delay (Source):      1.767ns (routing 0.795ns, distribution 0.972ns)
  Clock Net Delay (Destination): 1.635ns (routing 0.734ns, distribution 0.901ns)

    Location             Delay type                Incr(ns)  Path(ns)    Netlist Resource(s)
  -------------------------------------------------------------------    -------------------
                         (clock clk_out1_kria_bd_clk_wiz_0_5 rise edge)
                                                      0.000     0.000 r  
    BUFG_PS_X0Y81        BUFG_PS                      0.000     0.000 r  kria_bd_i/zynq_ultra_ps_e_0/U0/buffer_pl_clk_0.PL_CLK_0_BUFG/O
                         net (fo=1, routed)           1.611     1.611    kria_bd_i/clk_wiz_0/inst/clk_in1
    MMCM_X0Y3            MMCME4_ADV (Prop_MMCM_CLKIN1_CLKOUT0)
                                                     -0.103     1.508 r  kria_bd_i/clk_wiz_0/inst/mmcme4_adv_inst/CLKOUT0
                         net (fo=1, routed)           0.348     1.856    kria_bd_i/clk_wiz_0/inst/clk_out1_kria_bd_clk_wiz_0_5
    BUFGCE_X0Y76         BUFGCE (Prop_BUFCE_BUFGCE_I_O)
                                                      0.044     1.900 r  kria_bd_i/clk_wiz_0/inst/clkout1_buf/O
    X0Y3 (CLOCK_ROOT)    net (fo=666, routed)         1.767     3.667    kria_bd_i/zynq_ultra_ps_e_0/U0/maxihpm0_lpd_aclk
    PS8_X0Y0             PS8                                          r  kria_bd_i/zynq_ultra_ps_e_0/U0/PS8_i/MAXIGP2ACLK
  -------------------------------------------------------------------    -------------------
    PS8_X0Y0             PS8 (Prop_PS8_MAXIGP2ACLK_MAXIGP2AWADDR[19])
                                                      0.712     4.379 r  kria_bd_i/zynq_ultra_ps_e_0/U0/PS8_i/MAXIGP2AWADDR[19]
                         net (fo=1, routed)           0.400     4.779    <hidden>
    SLICE_X0Y197         LUT4 (Prop_H6LUT_SLICEL_I0_O)
                                                      0.137     4.916 r  <hidden>
                         net (fo=1, routed)           0.240     5.156    <hidden>
    SLICE_X0Y200         LUT6 (Prop_D6LUT_SLICEL_I4_O)
                                                      0.152     5.308 r  <hidden>
                         net (fo=7, routed)           0.172     5.480    <hidden>
    SLICE_X1Y201         LUT6 (Prop_H6LUT_SLICEM_I1_O)
                                                      0.154     5.634 r  <hidden>
                         net (fo=1, routed)           0.073     5.707    <hidden>
    SLICE_X1Y201         LUT5 (Prop_B5LUT_SLICEM_I3_O)
                                                      0.229     5.936 r  <hidden>
                         net (fo=2, routed)           0.342     6.278    <hidden>
    SLICE_X1Y203         FDRE                                         r  <hidden>
  -------------------------------------------------------------------    -------------------

                         (clock clk_out1_kria_bd_clk_wiz_0_5 rise edge)
                                                     10.000    10.000 r  
    BUFG_PS_X0Y81        BUFG_PS                      0.000    10.000 r  kria_bd_i/zynq_ultra_ps_e_0/U0/buffer_pl_clk_0.PL_CLK_0_BUFG/O
                         net (fo=1, routed)           1.458    11.458    kria_bd_i/clk_wiz_0/inst/clk_in1
    MMCM_X0Y3            MMCME4_ADV (Prop_MMCM_CLKIN1_CLKOUT0)
                                                      0.739    12.197 r  kria_bd_i/clk_wiz_0/inst/mmcme4_adv_inst/CLKOUT0
                         net (fo=1, routed)           0.307    12.504    kria_bd_i/clk_wiz_0/inst/clk_out1_kria_bd_clk_wiz_0_5
    BUFGCE_X0Y76         BUFGCE (Prop_BUFCE_BUFGCE_I_O)
                                                      0.039    12.543 r  kria_bd_i/clk_wiz_0/inst/clkout1_buf/O
    X0Y3 (CLOCK_ROOT)    net (fo=666, routed)         1.635    14.178    <hidden>
    SLICE_X1Y203         FDRE                                         r  <hidden>
                         clock pessimism             -0.551    13.627    
                         clock uncertainty           -0.068    13.559    
    SLICE_X1Y203         FDRE (Setup_DFF2_SLICEM_C_CE)
                                                     -0.079    13.480    <hidden>
  -------------------------------------------------------------------
                         required time                         13.480    
                         arrival time                          -6.278    
  -------------------------------------------------------------------
                         slack                                  7.202    

Slack (MET) :             7.257ns  (required time - arrival time)
  Source:                 kria_bd_i/zynq_ultra_ps_e_0/U0/PS8_i/MAXIGP2ACLK
                            (rising edge-triggered cell PS8 clocked by clk_out1_kria_bd_clk_wiz_0_5  {rise@0.000ns fall@5.000ns period=10.000ns})
  Destination:            <hidden>
                            (rising edge-triggered cell FDRE clocked by clk_out1_kria_bd_clk_wiz_0_5  {rise@0.000ns fall@5.000ns period=10.000ns})
  Path Group:             clk_out1_kria_bd_clk_wiz_0_5
  Path Type:              Setup (Max at Slow Process Corner)
  Requirement:            10.000ns  (clk_out1_kria_bd_clk_wiz_0_5 rise@10.000ns - clk_out1_kria_bd_clk_wiz_0_5 rise@0.000ns)
  Data Path Delay:        2.682ns  (logic 1.222ns (45.565%)  route 1.460ns (54.435%))
  Logic Levels:           4  (LUT4=1 LUT6=3)
  Clock Path Skew:        -0.039ns (DCD - SCD + CPR)
    Destination Clock Delay (DCD):    4.179ns = ( 14.179 - 10.000 ) 
    Source Clock Delay      (SCD):    3.667ns
    Clock Pessimism Removal (CPR):    -0.551ns
  Clock Uncertainty:      0.068ns  ((TSJ^2 + DJ^2)^1/2) / 2 + PE
    Total System Jitter     (TSJ):    0.071ns
    Discrete Jitter          (DJ):    0.116ns
    Phase Error              (PE):    0.000ns
  Clock Net Delay (Source):      1.767ns (routing 0.795ns, distribution 0.972ns)
  Clock Net Delay (Destination): 1.636ns (routing 0.734ns, distribution 0.902ns)

    Location             Delay type                Incr(ns)  Path(ns)    Netlist Resource(s)
  -------------------------------------------------------------------    -------------------
                         (clock clk_out1_kria_bd_clk_wiz_0_5 rise edge)
                                                      0.000     0.000 r  
    BUFG_PS_X0Y81        BUFG_PS                      0.000     0.000 r  kria_bd_i/zynq_ultra_ps_e_0/U0/buffer_pl_clk_0.PL_CLK_0_BUFG/O
                         net (fo=1, routed)           1.611     1.611    kria_bd_i/clk_wiz_0/inst/clk_in1
    MMCM_X0Y3            MMCME4_ADV (Prop_MMCM_CLKIN1_CLKOUT0)
                                                     -0.103     1.508 r  kria_bd_i/clk_wiz_0/inst/mmcme4_adv_inst/CLKOUT0
                         net (fo=1, routed)           0.348     1.856    kria_bd_i/clk_wiz_0/inst/clk_out1_kria_bd_clk_wiz_0_5
    BUFGCE_X0Y76         BUFGCE (Prop_BUFCE_BUFGCE_I_O)
                                                      0.044     1.900 r  kria_bd_i/clk_wiz_0/inst/clkout1_buf/O
    X0Y3 (CLOCK_ROOT)    net (fo=666, routed)         1.767     3.667    kria_bd_i/zynq_ultra_ps_e_0/U0/maxihpm0_lpd_aclk
    PS8_X0Y0             PS8                                          r  kria_bd_i/zynq_ultra_ps_e_0/U0/PS8_i/MAXIGP2ACLK
  -------------------------------------------------------------------    -------------------
    PS8_X0Y0             PS8 (Prop_PS8_MAXIGP2ACLK_MAXIGP2AWADDR[19])
                                                      0.712     4.379 f  kria_bd_i/zynq_ultra_ps_e_0/U0/PS8_i/MAXIGP2AWADDR[19]
                         net (fo=1, routed)           0.400     4.779    <hidden>
    SLICE_X0Y197         LUT4 (Prop_H6LUT_SLICEL_I0_O)
                                                      0.137     4.916 f  <hidden>
                         net (fo=1, routed)           0.240     5.156    <hidden>
    SLICE_X0Y200         LUT6 (Prop_D6LUT_SLICEL_I4_O)
                                                      0.152     5.308 f  <hidden>
                         net (fo=7, routed)           0.175     5.483    <hidden>
    SLICE_X1Y202         LUT6 (Prop_G6LUT_SLICEM_I1_O)
                                                      0.137     5.620 f  <hidden>
                         net (fo=4, routed)           0.185     5.805    <hidden>
    SLICE_X2Y203         LUT6 (Prop_H6LUT_SLICEM_I5_O)
                                                      0.084     5.889 r  <hidden>
                         net (fo=2, routed)           0.460     6.349    <hidden>
    SLICE_X1Y202         FDRE                                         r  <hidden>
  -------------------------------------------------------------------    -------------------

                         (clock clk_out1_kria_bd_clk_wiz_0_5 rise edge)
                                                     10.000    10.000 r  
    BUFG_PS_X0Y81        BUFG_PS                      0.000    10.000 r  kria_bd_i/zynq_ultra_ps_e_0/U0/buffer_pl_clk_0.PL_CLK_0_BUFG/O
                         net (fo=1, routed)           1.458    11.458    kria_bd_i/clk_wiz_0/inst/clk_in1
    MMCM_X0Y3            MMCME4_ADV (Prop_MMCM_CLKIN1_CLKOUT0)
                                                      0.739    12.197 r  kria_bd_i/clk_wiz_0/inst/mmcme4_adv_inst/CLKOUT0
                         net (fo=1, routed)           0.307    12.504    kria_bd_i/clk_wiz_0/inst/clk_out1_kria_bd_clk_wiz_0_5
    BUFGCE_X0Y76         BUFGCE (Prop_BUFCE_BUFGCE_I_O)
                                                      0.039    12.543 r  kria_bd_i/clk_wiz_0/inst/clkout1_buf/O
    X0Y3 (CLOCK_ROOT)    net (fo=666, routed)         1.636    14.179    <hidden>
    SLICE_X1Y202         FDRE                                         r  <hidden>
                         clock pessimism             -0.551    13.628    
                         clock uncertainty           -0.068    13.560    
    SLICE_X1Y202         FDRE (Setup_EFF2_SLICEM_C_D)
                                                      0.045    13.605    <hidden>
  -------------------------------------------------------------------
                         required time                         13.605    
                         arrival time                          -6.349    
  -------------------------------------------------------------------
                         slack                                  7.257    

Slack (MET) :             7.262ns  (required time - arrival time)
  Source:                 kria_bd_i/zynq_ultra_ps_e_0/U0/PS8_i/MAXIGP2ACLK
                            (rising edge-triggered cell PS8 clocked by clk_out1_kria_bd_clk_wiz_0_5  {rise@0.000ns fall@5.000ns period=10.000ns})
  Destination:            <hidden>
                            (rising edge-triggered cell FDRE clocked by clk_out1_kria_bd_clk_wiz_0_5  {rise@0.000ns fall@5.000ns period=10.000ns})
  Path Group:             clk_out1_kria_bd_clk_wiz_0_5
  Path Type:              Setup (Max at Slow Process Corner)
  Requirement:            10.000ns  (clk_out1_kria_bd_clk_wiz_0_5 rise@10.000ns - clk_out1_kria_bd_clk_wiz_0_5 rise@0.000ns)
  Data Path Delay:        2.729ns  (logic 1.496ns (54.810%)  route 1.233ns (45.190%))
  Logic Levels:           4  (LUT4=1 LUT5=2 LUT6=1)
  Clock Path Skew:        0.016ns (DCD - SCD + CPR)
    Destination Clock Delay (DCD):    4.179ns = ( 14.179 - 10.000 ) 
    Source Clock Delay      (SCD):    3.667ns
    Clock Pessimism Removal (CPR):    -0.497ns
  Clock Uncertainty:      0.068ns  ((TSJ^2 + DJ^2)^1/2) / 2 + PE
    Total System Jitter     (TSJ):    0.071ns
    Discrete Jitter          (DJ):    0.116ns
    Phase Error              (PE):    0.000ns
  Clock Net Delay (Source):      1.767ns (routing 0.795ns, distribution 0.972ns)
  Clock Net Delay (Destination): 1.636ns (routing 0.734ns, distribution 0.902ns)

    Location             Delay type                Incr(ns)  Path(ns)    Netlist Resource(s)
  -------------------------------------------------------------------    -------------------
                         (clock clk_out1_kria_bd_clk_wiz_0_5 rise edge)
                                                      0.000     0.000 r  
    BUFG_PS_X0Y81        BUFG_PS                      0.000     0.000 r  kria_bd_i/zynq_ultra_ps_e_0/U0/buffer_pl_clk_0.PL_CLK_0_BUFG/O
                         net (fo=1, routed)           1.611     1.611    kria_bd_i/clk_wiz_0/inst/clk_in1
    MMCM_X0Y3            MMCME4_ADV (Prop_MMCM_CLKIN1_CLKOUT0)
                                                     -0.103     1.508 r  kria_bd_i/clk_wiz_0/inst/mmcme4_adv_inst/CLKOUT0
                         net (fo=1, routed)           0.348     1.856    kria_bd_i/clk_wiz_0/inst/clk_out1_kria_bd_clk_wiz_0_5
    BUFGCE_X0Y76         BUFGCE (Prop_BUFCE_BUFGCE_I_O)
                                                      0.044     1.900 r  kria_bd_i/clk_wiz_0/inst/clkout1_buf/O
    X0Y3 (CLOCK_ROOT)    net (fo=666, routed)         1.767     3.667    kria_bd_i/zynq_ultra_ps_e_0/U0/maxihpm0_lpd_aclk
    PS8_X0Y0             PS8                                          r  kria_bd_i/zynq_ultra_ps_e_0/U0/PS8_i/MAXIGP2ACLK
  -------------------------------------------------------------------    -------------------
    PS8_X0Y0             PS8 (Prop_PS8_MAXIGP2ACLK_MAXIGP2ARADDR[34])
                                                      0.723     4.390 f  kria_bd_i/zynq_ultra_ps_e_0/U0/PS8_i/MAXIGP2ARADDR[34]
                         net (fo=1, routed)           0.421     4.811    <hidden>
    SLICE_X0Y205         LUT4 (Prop_F6LUT_SLICEL_I1_O)
                                                      0.187     4.998 f  <hidden>
                         net (fo=1, routed)           0.204     5.202    <hidden>
    SLICE_X0Y204         LUT6 (Prop_H6LUT_SLICEL_I1_O)
                                                      0.227     5.429 f  <hidden>
                         net (fo=7, routed)           0.292     5.721    <hidden>
    SLICE_X0Y195         LUT5 (Prop_G5LUT_SLICEL_I0_O)
                                                      0.222     5.943 f  <hidden>
                         net (fo=1, routed)           0.246     6.189    <hidden>
    SLICE_X0Y195         LUT5 (Prop_H6LUT_SLICEL_I2_O)
                                                      0.137     6.326 r  <hidden>
                         net (fo=1, routed)           0.070     6.396    <hidden>
    SLICE_X0Y195         FDRE                                         r  <hidden>
  -------------------------------------------------------------------    -------------------

                         (clock clk_out1_kria_bd_clk_wiz_0_5 rise edge)
                                                     10.000    10.000 r  
    BUFG_PS_X0Y81        BUFG_PS                      0.000    10.000 r  kria_bd_i/zynq_ultra_ps_e_0/U0/buffer_pl_clk_0.PL_CLK_0_BUFG/O
                         net (fo=1, routed)           1.458    11.458    kria_bd_i/clk_wiz_0/inst/clk_in1
    MMCM_X0Y3            MMCME4_ADV (Prop_MMCM_CLKIN1_CLKOUT0)
                                                      0.739    12.197 r  kria_bd_i/clk_wiz_0/inst/mmcme4_adv_inst/CLKOUT0
                         net (fo=1, routed)           0.307    12.504    kria_bd_i/clk_wiz_0/inst/clk_out1_kria_bd_clk_wiz_0_5
    BUFGCE_X0Y76         BUFGCE (Prop_BUFCE_BUFGCE_I_O)
                                                      0.039    12.543 r  kria_bd_i/clk_wiz_0/inst/clkout1_buf/O
    X0Y3 (CLOCK_ROOT)    net (fo=666, routed)         1.636    14.179    <hidden>
    SLICE_X0Y195         FDRE                                         r  <hidden>
                         clock pessimism             -0.497    13.683    
                         clock uncertainty           -0.068    13.615    
    SLICE_X0Y195         FDRE (Setup_HFF_SLICEL_C_D)
                                                      0.044    13.659    <hidden>
  -------------------------------------------------------------------
                         required time                         13.659    
                         arrival time                          -6.396    
  -------------------------------------------------------------------
                         slack                                  7.262    

Slack (MET) :             7.273ns  (required time - arrival time)
  Source:                 kria_bd_i/zynq_ultra_ps_e_0/U0/PS8_i/MAXIGP2ACLK
                            (rising edge-triggered cell PS8 clocked by clk_out1_kria_bd_clk_wiz_0_5  {rise@0.000ns fall@5.000ns period=10.000ns})
  Destination:            <hidden>
                            (rising edge-triggered cell FDRE clocked by clk_out1_kria_bd_clk_wiz_0_5  {rise@0.000ns fall@5.000ns period=10.000ns})
  Path Group:             clk_out1_kria_bd_clk_wiz_0_5
  Path Type:              Setup (Max at Slow Process Corner)
  Requirement:            10.000ns  (clk_out1_kria_bd_clk_wiz_0_5 rise@10.000ns - clk_out1_kria_bd_clk_wiz_0_5 rise@0.000ns)
  Data Path Delay:        2.669ns  (logic 1.279ns (47.923%)  route 1.390ns (52.077%))
  Logic Levels:           4  (LUT4=1 LUT5=2 LUT6=1)
  Clock Path Skew:        -0.033ns (DCD - SCD + CPR)
    Destination Clock Delay (DCD):    4.184ns = ( 14.184 - 10.000 ) 
    Source Clock Delay      (SCD):    3.667ns
    Clock Pessimism Removal (CPR):    -0.551ns
  Clock Uncertainty:      0.068ns  ((TSJ^2 + DJ^2)^1/2) / 2 + PE
    Total System Jitter     (TSJ):    0.071ns
    Discrete Jitter          (DJ):    0.116ns
    Phase Error              (PE):    0.000ns
  Clock Net Delay (Source):      1.767ns (routing 0.795ns, distribution 0.972ns)
  Clock Net Delay (Destination): 1.641ns (routing 0.734ns, distribution 0.907ns)

    Location             Delay type                Incr(ns)  Path(ns)    Netlist Resource(s)
  -------------------------------------------------------------------    -------------------
                         (clock clk_out1_kria_bd_clk_wiz_0_5 rise edge)
                                                      0.000     0.000 r  
    BUFG_PS_X0Y81        BUFG_PS                      0.000     0.000 r  kria_bd_i/zynq_ultra_ps_e_0/U0/buffer_pl_clk_0.PL_CLK_0_BUFG/O
                         net (fo=1, routed)           1.611     1.611    kria_bd_i/clk_wiz_0/inst/clk_in1
    MMCM_X0Y3            MMCME4_ADV (Prop_MMCM_CLKIN1_CLKOUT0)
                                                     -0.103     1.508 r  kria_bd_i/clk_wiz_0/inst/mmcme4_adv_inst/CLKOUT0
                         net (fo=1, routed)           0.348     1.856    kria_bd_i/clk_wiz_0/inst/clk_out1_kria_bd_clk_wiz_0_5
    BUFGCE_X0Y76         BUFGCE (Prop_BUFCE_BUFGCE_I_O)
                                                      0.044     1.900 r  kria_bd_i/clk_wiz_0/inst/clkout1_buf/O
    X0Y3 (CLOCK_ROOT)    net (fo=666, routed)         1.767     3.667    kria_bd_i/zynq_ultra_ps_e_0/U0/maxihpm0_lpd_aclk
    PS8_X0Y0             PS8                                          r  kria_bd_i/zynq_ultra_ps_e_0/U0/PS8_i/MAXIGP2ACLK
  -------------------------------------------------------------------    -------------------
    PS8_X0Y0             PS8 (Prop_PS8_MAXIGP2ACLK_MAXIGP2WVALID)
                                                      0.669     4.336 r  kria_bd_i/zynq_ultra_ps_e_0/U0/PS8_i/MAXIGP2WVALID
                         net (fo=5, routed)           0.489     4.825    <hidden>
    SLICE_X2Y201         LUT4 (Prop_H6LUT_SLICEM_I1_O)
                                                      0.154     4.979 r  <hidden>
                         net (fo=5, routed)           0.186     5.166    <hidden>
    SLICE_X2Y198         LUT5 (Prop_D5LUT_SLICEM_I4_O)
                                                      0.190     5.356 f  <hidden>
                         net (fo=2, routed)           0.388     5.744    <hidden>
    SLICE_X3Y201         LUT6 (Prop_G6LUT_SLICEL_I2_O)
                                                      0.186     5.930 r  <hidden>
                         net (fo=1, routed)           0.231     6.161    <hidden>
    SLICE_X2Y203         LUT5 (Prop_C6LUT_SLICEM_I3_O)
                                                      0.080     6.241 r  <hidden>
                         net (fo=1, routed)           0.095     6.336    <hidden>
    SLICE_X2Y203         FDRE                                         r  <hidden>
  -------------------------------------------------------------------    -------------------

                         (clock clk_out1_kria_bd_clk_wiz_0_5 rise edge)
                                                     10.000    10.000 r  
    BUFG_PS_X0Y81        BUFG_PS                      0.000    10.000 r  kria_bd_i/zynq_ultra_ps_e_0/U0/buffer_pl_clk_0.PL_CLK_0_BUFG/O
                         net (fo=1, routed)           1.458    11.458    kria_bd_i/clk_wiz_0/inst/clk_in1
    MMCM_X0Y3            MMCME4_ADV (Prop_MMCM_CLKIN1_CLKOUT0)
                                                      0.739    12.197 r  kria_bd_i/clk_wiz_0/inst/mmcme4_adv_inst/CLKOUT0
                         net (fo=1, routed)           0.307    12.504    kria_bd_i/clk_wiz_0/inst/clk_out1_kria_bd_clk_wiz_0_5
    BUFGCE_X0Y76         BUFGCE (Prop_BUFCE_BUFGCE_I_O)
                                                      0.039    12.543 r  kria_bd_i/clk_wiz_0/inst/clkout1_buf/O
    X0Y3 (CLOCK_ROOT)    net (fo=666, routed)         1.641    14.184    <hidden>
    SLICE_X2Y203         FDRE                                         r  <hidden>
                         clock pessimism             -0.551    13.634    
                         clock uncertainty           -0.068    13.566    
    SLICE_X2Y203         FDRE (Setup_CFF_SLICEM_C_D)
                                                      0.043    13.609    <hidden>
  -------------------------------------------------------------------
                         required time                         13.609    
                         arrival time                          -6.336    
  -------------------------------------------------------------------
                         slack                                  7.273    

Slack (MET) :             7.282ns  (required time - arrival time)
  Source:                 kria_bd_i/zynq_ultra_ps_e_0/U0/PS8_i/MAXIGP2ACLK
                            (rising edge-triggered cell PS8 clocked by clk_out1_kria_bd_clk_wiz_0_5  {rise@0.000ns fall@5.000ns period=10.000ns})
  Destination:            <hidden>
                            (rising edge-triggered cell FDRE clocked by clk_out1_kria_bd_clk_wiz_0_5  {rise@0.000ns fall@5.000ns period=10.000ns})
  Path Group:             clk_out1_kria_bd_clk_wiz_0_5
  Path Type:              Setup (Max at Slow Process Corner)
  Requirement:            10.000ns  (clk_out1_kria_bd_clk_wiz_0_5 rise@10.000ns - clk_out1_kria_bd_clk_wiz_0_5 rise@0.000ns)
  Data Path Delay:        2.656ns  (logic 1.222ns (46.011%)  route 1.434ns (53.989%))
  Logic Levels:           4  (LUT4=1 LUT6=3)
  Clock Path Skew:        -0.039ns (DCD - SCD + CPR)
    Destination Clock Delay (DCD):    4.179ns = ( 14.179 - 10.000 ) 
    Source Clock Delay      (SCD):    3.667ns
    Clock Pessimism Removal (CPR):    -0.551ns
  Clock Uncertainty:      0.068ns  ((TSJ^2 + DJ^2)^1/2) / 2 + PE
    Total System Jitter     (TSJ):    0.071ns
    Discrete Jitter          (DJ):    0.116ns
    Phase Error              (PE):    0.000ns
  Clock Net Delay (Source):      1.767ns (routing 0.795ns, distribution 0.972ns)
  Clock Net Delay (Destination): 1.636ns (routing 0.734ns, distribution 0.902ns)

    Location             Delay type                Incr(ns)  Path(ns)    Netlist Resource(s)
  -------------------------------------------------------------------    -------------------
                         (clock clk_out1_kria_bd_clk_wiz_0_5 rise edge)
                                                      0.000     0.000 r  
    BUFG_PS_X0Y81        BUFG_PS                      0.000     0.000 r  kria_bd_i/zynq_ultra_ps_e_0/U0/buffer_pl_clk_0.PL_CLK_0_BUFG/O
                         net (fo=1, routed)           1.611     1.611    kria_bd_i/clk_wiz_0/inst/clk_in1
    MMCM_X0Y3            MMCME4_ADV (Prop_MMCM_CLKIN1_CLKOUT0)
                                                     -0.103     1.508 r  kria_bd_i/clk_wiz_0/inst/mmcme4_adv_inst/CLKOUT0
                         net (fo=1, routed)           0.348     1.856    kria_bd_i/clk_wiz_0/inst/clk_out1_kria_bd_clk_wiz_0_5
    BUFGCE_X0Y76         BUFGCE (Prop_BUFCE_BUFGCE_I_O)
                                                      0.044     1.900 r  kria_bd_i/clk_wiz_0/inst/clkout1_buf/O
    X0Y3 (CLOCK_ROOT)    net (fo=666, routed)         1.767     3.667    kria_bd_i/zynq_ultra_ps_e_0/U0/maxihpm0_lpd_aclk
    PS8_X0Y0             PS8                                          r  kria_bd_i/zynq_ultra_ps_e_0/U0/PS8_i/MAXIGP2ACLK
  -------------------------------------------------------------------    -------------------
    PS8_X0Y0             PS8 (Prop_PS8_MAXIGP2ACLK_MAXIGP2AWADDR[19])
                                                      0.712     4.379 f  kria_bd_i/zynq_ultra_ps_e_0/U0/PS8_i/MAXIGP2AWADDR[19]
                         net (fo=1, routed)           0.400     4.779    <hidden>
    SLICE_X0Y197         LUT4 (Prop_H6LUT_SLICEL_I0_O)
                                                      0.137     4.916 f  <hidden>
                         net (fo=1, routed)           0.240     5.156    <hidden>
    SLICE_X0Y200         LUT6 (Prop_D6LUT_SLICEL_I4_O)
                                                      0.152     5.308 f  <hidden>
                         net (fo=7, routed)           0.175     5.483    <hidden>
    SLICE_X1Y202         LUT6 (Prop_G6LUT_SLICEM_I1_O)
                                                      0.137     5.620 f  <hidden>
                         net (fo=4, routed)           0.185     5.805    <hidden>
    SLICE_X2Y203         LUT6 (Prop_H6LUT_SLICEM_I5_O)
                                                      0.084     5.889 r  <hidden>
                         net (fo=2, routed)           0.434     6.323    <hidden>
    SLICE_X1Y202         FDRE                                         r  <hidden>
  -------------------------------------------------------------------    -------------------

                         (clock clk_out1_kria_bd_clk_wiz_0_5 rise edge)
                                                     10.000    10.000 r  
    BUFG_PS_X0Y81        BUFG_PS                      0.000    10.000 r  kria_bd_i/zynq_ultra_ps_e_0/U0/buffer_pl_clk_0.PL_CLK_0_BUFG/O
                         net (fo=1, routed)           1.458    11.458    kria_bd_i/clk_wiz_0/inst/clk_in1
    MMCM_X0Y3            MMCME4_ADV (Prop_MMCM_CLKIN1_CLKOUT0)
                                                      0.739    12.197 r  kria_bd_i/clk_wiz_0/inst/mmcme4_adv_inst/CLKOUT0
                         net (fo=1, routed)           0.307    12.504    kria_bd_i/clk_wiz_0/inst/clk_out1_kria_bd_clk_wiz_0_5
    BUFGCE_X0Y76         BUFGCE (Prop_BUFCE_BUFGCE_I_O)
                                                      0.039    12.543 r  kria_bd_i/clk_wiz_0/inst/clkout1_buf/O
    X0Y3 (CLOCK_ROOT)    net (fo=666, routed)         1.636    14.179    <hidden>
    SLICE_X1Y202         FDRE                                         r  <hidden>
                         clock pessimism             -0.551    13.628    
                         clock uncertainty           -0.068    13.560    
    SLICE_X1Y202         FDRE (Setup_EFF_SLICEM_C_D)
                                                      0.044    13.604    <hidden>
  -------------------------------------------------------------------
                         required time                         13.604    
                         arrival time                          -6.323    
  -------------------------------------------------------------------
                         slack                                  7.282    

Slack (MET) :             7.379ns  (required time - arrival time)
  Source:                 kria_bd_i/zynq_ultra_ps_e_0/U0/PS8_i/MAXIGP2ACLK
                            (rising edge-triggered cell PS8 clocked by clk_out1_kria_bd_clk_wiz_0_5  {rise@0.000ns fall@5.000ns period=10.000ns})
  Destination:            <hidden>
                            (rising edge-triggered cell FDRE clocked by clk_out1_kria_bd_clk_wiz_0_5  {rise@0.000ns fall@5.000ns period=10.000ns})
  Path Group:             clk_out1_kria_bd_clk_wiz_0_5
  Path Type:              Setup (Max at Slow Process Corner)
  Requirement:            10.000ns  (clk_out1_kria_bd_clk_wiz_0_5 rise@10.000ns - clk_out1_kria_bd_clk_wiz_0_5 rise@0.000ns)
  Data Path Delay:        2.434ns  (logic 1.221ns (50.159%)  route 1.213ns (49.841%))
  Logic Levels:           4  (LUT4=2 LUT6=2)
  Clock Path Skew:        -0.039ns (DCD - SCD + CPR)
    Destination Clock Delay (DCD):    4.179ns = ( 14.179 - 10.000 ) 
    Source Clock Delay      (SCD):    3.667ns
    Clock Pessimism Removal (CPR):    -0.551ns
  Clock Uncertainty:      0.068ns  ((TSJ^2 + DJ^2)^1/2) / 2 + PE
    Total System Jitter     (TSJ):    0.071ns
    Discrete Jitter          (DJ):    0.116ns
    Phase Error              (PE):    0.000ns
  Clock Net Delay (Source):      1.767ns (routing 0.795ns, distribution 0.972ns)
  Clock Net Delay (Destination): 1.636ns (routing 0.734ns, distribution 0.902ns)

    Location             Delay type                Incr(ns)  Path(ns)    Netlist Resource(s)
  -------------------------------------------------------------------    -------------------
                         (clock clk_out1_kria_bd_clk_wiz_0_5 rise edge)
                                                      0.000     0.000 r  
    BUFG_PS_X0Y81        BUFG_PS                      0.000     0.000 r  kria_bd_i/zynq_ultra_ps_e_0/U0/buffer_pl_clk_0.PL_CLK_0_BUFG/O
                         net (fo=1, routed)           1.611     1.611    kria_bd_i/clk_wiz_0/inst/clk_in1
    MMCM_X0Y3            MMCME4_ADV (Prop_MMCM_CLKIN1_CLKOUT0)
                                                     -0.103     1.508 r  kria_bd_i/clk_wiz_0/inst/mmcme4_adv_inst/CLKOUT0
                         net (fo=1, routed)           0.348     1.856    kria_bd_i/clk_wiz_0/inst/clk_out1_kria_bd_clk_wiz_0_5
    BUFGCE_X0Y76         BUFGCE (Prop_BUFCE_BUFGCE_I_O)
                                                      0.044     1.900 r  kria_bd_i/clk_wiz_0/inst/clkout1_buf/O
    X0Y3 (CLOCK_ROOT)    net (fo=666, routed)         1.767     3.667    kria_bd_i/zynq_ultra_ps_e_0/U0/maxihpm0_lpd_aclk
    PS8_X0Y0             PS8                                          r  kria_bd_i/zynq_ultra_ps_e_0/U0/PS8_i/MAXIGP2ACLK
  -------------------------------------------------------------------    -------------------
    PS8_X0Y0             PS8 (Prop_PS8_MAXIGP2ACLK_MAXIGP2AWADDR[19])
                                                      0.712     4.379 r  kria_bd_i/zynq_ultra_ps_e_0/U0/PS8_i/MAXIGP2AWADDR[19]
                         net (fo=1, routed)           0.400     4.779    <hidden>
    SLICE_X0Y197         LUT4 (Prop_H6LUT_SLICEL_I0_O)
                                                      0.137     4.916 r  <hidden>
                         net (fo=1, routed)           0.240     5.156    <hidden>
    SLICE_X0Y200         LUT6 (Prop_D6LUT_SLICEL_I4_O)
                                                      0.152     5.308 r  <hidden>
                         net (fo=7, routed)           0.175     5.483    <hidden>
    SLICE_X1Y202         LUT6 (Prop_G6LUT_SLICEM_I1_O)
                                                      0.137     5.620 r  <hidden>
                         net (fo=4, routed)           0.109     5.729    <hidden>
    SLICE_X1Y202         LUT4 (Prop_E6LUT_SLICEM_I2_O)
                                                      0.083     5.812 r  <hidden>
                         net (fo=2, routed)           0.289     6.101    <hidden>
    SLICE_X1Y202         FDRE                                         r  <hidden>
  -------------------------------------------------------------------    -------------------

                         (clock clk_out1_kria_bd_clk_wiz_0_5 rise edge)
                                                     10.000    10.000 r  
    BUFG_PS_X0Y81        BUFG_PS                      0.000    10.000 r  kria_bd_i/zynq_ultra_ps_e_0/U0/buffer_pl_clk_0.PL_CLK_0_BUFG/O
                         net (fo=1, routed)           1.458    11.458    kria_bd_i/clk_wiz_0/inst/clk_in1
    MMCM_X0Y3            MMCME4_ADV (Prop_MMCM_CLKIN1_CLKOUT0)
                                                      0.739    12.197 r  kria_bd_i/clk_wiz_0/inst/mmcme4_adv_inst/CLKOUT0
                         net (fo=1, routed)           0.307    12.504    kria_bd_i/clk_wiz_0/inst/clk_out1_kria_bd_clk_wiz_0_5
    BUFGCE_X0Y76         BUFGCE (Prop_BUFCE_BUFGCE_I_O)
                                                      0.039    12.543 r  kria_bd_i/clk_wiz_0/inst/clkout1_buf/O
    X0Y3 (CLOCK_ROOT)    net (fo=666, routed)         1.636    14.179    <hidden>
    SLICE_X1Y202         FDRE                                         r  <hidden>
                         clock pessimism             -0.551    13.628    
                         clock uncertainty           -0.068    13.560    
    SLICE_X1Y202         FDRE (Setup_EFF2_SLICEM_C_CE)
                                                     -0.080    13.480    <hidden>
  -------------------------------------------------------------------
                         required time                         13.480    
                         arrival time                          -6.101    
  -------------------------------------------------------------------
                         slack                                  7.379    

Slack (MET) :             7.380ns  (required time - arrival time)
  Source:                 kria_bd_i/zynq_ultra_ps_e_0/U0/PS8_i/MAXIGP2ACLK
                            (rising edge-triggered cell PS8 clocked by clk_out1_kria_bd_clk_wiz_0_5  {rise@0.000ns fall@5.000ns period=10.000ns})
  Destination:            <hidden>
                            (rising edge-triggered cell FDRE clocked by clk_out1_kria_bd_clk_wiz_0_5  {rise@0.000ns fall@5.000ns period=10.000ns})
  Path Group:             clk_out1_kria_bd_clk_wiz_0_5
  Path Type:              Setup (Max at Slow Process Corner)
  Requirement:            10.000ns  (clk_out1_kria_bd_clk_wiz_0_5 rise@10.000ns - clk_out1_kria_bd_clk_wiz_0_5 rise@0.000ns)
  Data Path Delay:        2.432ns  (logic 1.221ns (50.200%)  route 1.211ns (49.800%))
  Logic Levels:           4  (LUT4=2 LUT6=2)
  Clock Path Skew:        -0.039ns (DCD - SCD + CPR)
    Destination Clock Delay (DCD):    4.179ns = ( 14.179 - 10.000 ) 
    Source Clock Delay      (SCD):    3.667ns
    Clock Pessimism Removal (CPR):    -0.551ns
  Clock Uncertainty:      0.068ns  ((TSJ^2 + DJ^2)^1/2) / 2 + PE
    Total System Jitter     (TSJ):    0.071ns
    Discrete Jitter          (DJ):    0.116ns
    Phase Error              (PE):    0.000ns
  Clock Net Delay (Source):      1.767ns (routing 0.795ns, distribution 0.972ns)
  Clock Net Delay (Destination): 1.636ns (routing 0.734ns, distribution 0.902ns)

    Location             Delay type                Incr(ns)  Path(ns)    Netlist Resource(s)
  -------------------------------------------------------------------    -------------------
                         (clock clk_out1_kria_bd_clk_wiz_0_5 rise edge)
                                                      0.000     0.000 r  
    BUFG_PS_X0Y81        BUFG_PS                      0.000     0.000 r  kria_bd_i/zynq_ultra_ps_e_0/U0/buffer_pl_clk_0.PL_CLK_0_BUFG/O
                         net (fo=1, routed)           1.611     1.611    kria_bd_i/clk_wiz_0/inst/clk_in1
    MMCM_X0Y3            MMCME4_ADV (Prop_MMCM_CLKIN1_CLKOUT0)
                                                     -0.103     1.508 r  kria_bd_i/clk_wiz_0/inst/mmcme4_adv_inst/CLKOUT0
                         net (fo=1, routed)           0.348     1.856    kria_bd_i/clk_wiz_0/inst/clk_out1_kria_bd_clk_wiz_0_5
    BUFGCE_X0Y76         BUFGCE (Prop_BUFCE_BUFGCE_I_O)
                                                      0.044     1.900 r  kria_bd_i/clk_wiz_0/inst/clkout1_buf/O
    X0Y3 (CLOCK_ROOT)    net (fo=666, routed)         1.767     3.667    kria_bd_i/zynq_ultra_ps_e_0/U0/maxihpm0_lpd_aclk
    PS8_X0Y0             PS8                                          r  kria_bd_i/zynq_ultra_ps_e_0/U0/PS8_i/MAXIGP2ACLK
  -------------------------------------------------------------------    -------------------
    PS8_X0Y0             PS8 (Prop_PS8_MAXIGP2ACLK_MAXIGP2AWADDR[19])
                                                      0.712     4.379 r  kria_bd_i/zynq_ultra_ps_e_0/U0/PS8_i/MAXIGP2AWADDR[19]
                         net (fo=1, routed)           0.400     4.779    <hidden>
    SLICE_X0Y197         LUT4 (Prop_H6LUT_SLICEL_I0_O)
                                                      0.137     4.916 r  <hidden>
                         net (fo=1, routed)           0.240     5.156    <hidden>
    SLICE_X0Y200         LUT6 (Prop_D6LUT_SLICEL_I4_O)
                                                      0.152     5.308 r  <hidden>
                         net (fo=7, routed)           0.175     5.483    <hidden>
    SLICE_X1Y202         LUT6 (Prop_G6LUT_SLICEM_I1_O)
                                                      0.137     5.620 r  <hidden>
                         net (fo=4, routed)           0.109     5.729    <hidden>
    SLICE_X1Y202         LUT4 (Prop_E6LUT_SLICEM_I2_O)
                                                      0.083     5.812 r  <hidden>
                         net (fo=2, routed)           0.287     6.099    <hidden>
    SLICE_X1Y202         FDRE                                         r  <hidden>
  -------------------------------------------------------------------    -------------------

                         (clock clk_out1_kria_bd_clk_wiz_0_5 rise edge)
                                                     10.000    10.000 r  
    BUFG_PS_X0Y81        BUFG_PS                      0.000    10.000 r  kria_bd_i/zynq_ultra_ps_e_0/U0/buffer_pl_clk_0.PL_CLK_0_BUFG/O
                         net (fo=1, routed)           1.458    11.458    kria_bd_i/clk_wiz_0/inst/clk_in1
    MMCM_X0Y3            MMCME4_ADV (Prop_MMCM_CLKIN1_CLKOUT0)
                                                      0.739    12.197 r  kria_bd_i/clk_wiz_0/inst/mmcme4_adv_inst/CLKOUT0
                         net (fo=1, routed)           0.307    12.504    kria_bd_i/clk_wiz_0/inst/clk_out1_kria_bd_clk_wiz_0_5
    BUFGCE_X0Y76         BUFGCE (Prop_BUFCE_BUFGCE_I_O)
                                                      0.039    12.543 r  kria_bd_i/clk_wiz_0/inst/clkout1_buf/O
    X0Y3 (CLOCK_ROOT)    net (fo=666, routed)         1.636    14.179    <hidden>
    SLICE_X1Y202         FDRE                                         r  <hidden>
                         clock pessimism             -0.551    13.628    
                         clock uncertainty           -0.068    13.560    
    SLICE_X1Y202         FDRE (Setup_EFF_SLICEM_C_CE)
                                                     -0.081    13.479    <hidden>
  -------------------------------------------------------------------
                         required time                         13.479    
                         arrival time                          -6.099    
  -------------------------------------------------------------------
                         slack                                  7.380    

Slack (MET) :             7.429ns  (required time - arrival time)
  Source:                 kria_bd_i/zynq_ultra_ps_e_0/U0/PS8_i/MAXIGP2ACLK
                            (rising edge-triggered cell PS8 clocked by clk_out1_kria_bd_clk_wiz_0_5  {rise@0.000ns fall@5.000ns period=10.000ns})
  Destination:            <hidden>
                            (rising edge-triggered cell FDRE clocked by clk_out1_kria_bd_clk_wiz_0_5  {rise@0.000ns fall@5.000ns period=10.000ns})
  Path Group:             clk_out1_kria_bd_clk_wiz_0_5
  Path Type:              Setup (Max at Slow Process Corner)
  Requirement:            10.000ns  (clk_out1_kria_bd_clk_wiz_0_5 rise@10.000ns - clk_out1_kria_bd_clk_wiz_0_5 rise@0.000ns)
  Data Path Delay:        2.430ns  (logic 1.195ns (49.170%)  route 1.235ns (50.830%))
  Logic Levels:           3  (LUT4=1 LUT6=2)
  Clock Path Skew:        0.007ns (DCD - SCD + CPR)
    Destination Clock Delay (DCD):    4.170ns = ( 14.170 - 10.000 ) 
    Source Clock Delay      (SCD):    3.667ns
    Clock Pessimism Removal (CPR):    -0.496ns
  Clock Uncertainty:      0.068ns  ((TSJ^2 + DJ^2)^1/2) / 2 + PE
    Total System Jitter     (TSJ):    0.071ns
    Discrete Jitter          (DJ):    0.116ns
    Phase Error              (PE):    0.000ns
  Clock Net Delay (Source):      1.767ns (routing 0.795ns, distribution 0.972ns)
  Clock Net Delay (Destination): 1.627ns (routing 0.734ns, distribution 0.893ns)

    Location             Delay type                Incr(ns)  Path(ns)    Netlist Resource(s)
  -------------------------------------------------------------------    -------------------
                         (clock clk_out1_kria_bd_clk_wiz_0_5 rise edge)
                                                      0.000     0.000 r  
    BUFG_PS_X0Y81        BUFG_PS                      0.000     0.000 r  kria_bd_i/zynq_ultra_ps_e_0/U0/buffer_pl_clk_0.PL_CLK_0_BUFG/O
                         net (fo=1, routed)           1.611     1.611    kria_bd_i/clk_wiz_0/inst/clk_in1
    MMCM_X0Y3            MMCME4_ADV (Prop_MMCM_CLKIN1_CLKOUT0)
                                                     -0.103     1.508 r  kria_bd_i/clk_wiz_0/inst/mmcme4_adv_inst/CLKOUT0
                         net (fo=1, routed)           0.348     1.856    kria_bd_i/clk_wiz_0/inst/clk_out1_kria_bd_clk_wiz_0_5
    BUFGCE_X0Y76         BUFGCE (Prop_BUFCE_BUFGCE_I_O)
                                                      0.044     1.900 r  kria_bd_i/clk_wiz_0/inst/clkout1_buf/O
    X0Y3 (CLOCK_ROOT)    net (fo=666, routed)         1.767     3.667    kria_bd_i/zynq_ultra_ps_e_0/U0/maxihpm0_lpd_aclk
    PS8_X0Y0             PS8                                          r  kria_bd_i/zynq_ultra_ps_e_0/U0/PS8_i/MAXIGP2ACLK
  -------------------------------------------------------------------    -------------------
    PS8_X0Y0             PS8 (Prop_PS8_MAXIGP2ACLK_MAXIGP2ARADDR[34])
                                                      0.723     4.390 r  kria_bd_i/zynq_ultra_ps_e_0/U0/PS8_i/MAXIGP2ARADDR[34]
                         net (fo=1, routed)           0.421     4.811    <hidden>
    SLICE_X0Y205         LUT4 (Prop_F6LUT_SLICEL_I1_O)
                                                      0.187     4.998 r  <hidden>
                         net (fo=1, routed)           0.204     5.202    <hidden>
    SLICE_X0Y204         LUT6 (Prop_H6LUT_SLICEL_I1_O)
                                                      0.227     5.429 r  <hidden>
                         net (fo=7, routed)           0.326     5.755    <hidden>
    SLICE_X0Y193         LUT6 (Prop_H6LUT_SLICEL_I5_O)
                                                      0.058     5.813 r  <hidden>
                         net (fo=2, routed)           0.284     6.097    <hidden>
    SLICE_X0Y196         FDRE                                         r  <hidden>
  -------------------------------------------------------------------    -------------------

                         (clock clk_out1_kria_bd_clk_wiz_0_5 rise edge)
                                                     10.000    10.000 r  
    BUFG_PS_X0Y81        BUFG_PS                      0.000    10.000 r  kria_bd_i/zynq_ultra_ps_e_0/U0/buffer_pl_clk_0.PL_CLK_0_BUFG/O
                         net (fo=1, routed)           1.458    11.458    kria_bd_i/clk_wiz_0/inst/clk_in1
    MMCM_X0Y3            MMCME4_ADV (Prop_MMCM_CLKIN1_CLKOUT0)
                                                      0.739    12.197 r  kria_bd_i/clk_wiz_0/inst/mmcme4_adv_inst/CLKOUT0
                         net (fo=1, routed)           0.307    12.504    kria_bd_i/clk_wiz_0/inst/clk_out1_kria_bd_clk_wiz_0_5
    BUFGCE_X0Y76         BUFGCE (Prop_BUFCE_BUFGCE_I_O)
                                                      0.039    12.543 r  kria_bd_i/clk_wiz_0/inst/clkout1_buf/O
    X0Y3 (CLOCK_ROOT)    net (fo=666, routed)         1.627    14.170    <hidden>
    SLICE_X0Y196         FDRE                                         r  <hidden>
                         clock pessimism             -0.496    13.674    
                         clock uncertainty           -0.068    13.605    
    SLICE_X0Y196         FDRE (Setup_CFF_SLICEL_C_CE)
                                                     -0.079    13.526    <hidden>
  -------------------------------------------------------------------
                         required time                         13.526    
                         arrival time                          -6.097    
  -------------------------------------------------------------------
                         slack                                  7.429    





Min Delay Paths
--------------------------------------------------------------------------------------
Slack (MET) :             0.013ns  (arrival time - required time)
  Source:                 <hidden>
                            (rising edge-triggered cell FDRE clocked by clk_out1_kria_bd_clk_wiz_0_5  {rise@0.000ns fall@5.000ns period=10.000ns})
  Destination:            <hidden>
                            (rising edge-triggered cell FDRE clocked by clk_out1_kria_bd_clk_wiz_0_5  {rise@0.000ns fall@5.000ns period=10.000ns})
  Path Group:             clk_out1_kria_bd_clk_wiz_0_5
  Path Type:              Hold (Min at Slow Process Corner)
  Requirement:            0.000ns  (clk_out1_kria_bd_clk_wiz_0_5 rise@0.000ns - clk_out1_kria_bd_clk_wiz_0_5 rise@0.000ns)
  Data Path Delay:        0.221ns  (logic 0.112ns (50.782%)  route 0.109ns (49.218%))
  Logic Levels:           0  
  Clock Path Skew:        0.106ns (DCD - SCD - CPR)
    Destination Clock Delay (DCD):    3.733ns
    Source Clock Delay      (SCD):    4.178ns
    Clock Pessimism Removal (CPR):    -0.551ns
  Clock Net Delay (Source):      1.635ns (routing 0.734ns, distribution 0.901ns)
  Clock Net Delay (Destination): 1.833ns (routing 0.795ns, distribution 1.038ns)

    Location             Delay type                Incr(ns)  Path(ns)    Netlist Resource(s)
  -------------------------------------------------------------------    -------------------
                         (clock clk_out1_kria_bd_clk_wiz_0_5 rise edge)
                                                      0.000     0.000 r  
    BUFG_PS_X0Y81        BUFG_PS                      0.000     0.000 r  kria_bd_i/zynq_ultra_ps_e_0/U0/buffer_pl_clk_0.PL_CLK_0_BUFG/O
                         net (fo=1, routed)           1.458     1.458    kria_bd_i/clk_wiz_0/inst/clk_in1
    MMCM_X0Y3            MMCME4_ADV (Prop_MMCM_CLKIN1_CLKOUT0)
                                                      0.739     2.197 r  kria_bd_i/clk_wiz_0/inst/mmcme4_adv_inst/CLKOUT0
                         net (fo=1, routed)           0.307     2.504    kria_bd_i/clk_wiz_0/inst/clk_out1_kria_bd_clk_wiz_0_5
    BUFGCE_X0Y76         BUFGCE (Prop_BUFCE_BUFGCE_I_O)
                                                      0.039     2.543 r  kria_bd_i/clk_wiz_0/inst/clkout1_buf/O
    X0Y3 (CLOCK_ROOT)    net (fo=666, routed)         1.635     4.178    <hidden>
    SLICE_X0Y192         FDRE                                         r  <hidden>
  -------------------------------------------------------------------    -------------------
    SLICE_X0Y192         FDRE (Prop_AFF_SLICEL_C_Q)
                                                      0.112     4.290 r  <hidden>
                         net (fo=2, routed)           0.109     4.399    <hidden>
    SLICE_X1Y192         FDRE                                         r  <hidden>
  -------------------------------------------------------------------    -------------------

                         (clock clk_out1_kria_bd_clk_wiz_0_5 rise edge)
                                                      0.000     0.000 r  
    BUFG_PS_X0Y81        BUFG_PS                      0.000     0.000 r  kria_bd_i/zynq_ultra_ps_e_0/U0/buffer_pl_clk_0.PL_CLK_0_BUFG/O
                         net (fo=1, routed)           1.611     1.611    kria_bd_i/clk_wiz_0/inst/clk_in1
    MMCM_X0Y3            MMCME4_ADV (Prop_MMCM_CLKIN1_CLKOUT0)
                                                     -0.103     1.508 r  kria_bd_i/clk_wiz_0/inst/mmcme4_adv_inst/CLKOUT0
                         net (fo=1, routed)           0.348     1.856    kria_bd_i/clk_wiz_0/inst/clk_out1_kria_bd_clk_wiz_0_5
    BUFGCE_X0Y76         BUFGCE (Prop_BUFCE_BUFGCE_I_O)
                                                      0.044     1.900 r  kria_bd_i/clk_wiz_0/inst/clkout1_buf/O
    X0Y3 (CLOCK_ROOT)    net (fo=666, routed)         1.833     3.733    <hidden>
    SLICE_X1Y192         FDRE                                         r  <hidden>
                         clock pessimism              0.551     4.284    
    SLICE_X1Y192         FDRE (Hold_AFF2_SLICEM_C_D)
                                                      0.102     4.386    <hidden>
  -------------------------------------------------------------------
                         required time                         -4.386    
                         arrival time                           4.399    
  -------------------------------------------------------------------
                         slack                                  0.013    

Slack (MET) :             0.030ns  (arrival time - required time)
  Source:                 <hidden>
                            (rising edge-triggered cell FDRE clocked by clk_out1_kria_bd_clk_wiz_0_5  {rise@0.000ns fall@5.000ns period=10.000ns})
  Destination:            <hidden>
                            (rising edge-triggered cell FDRE clocked by clk_out1_kria_bd_clk_wiz_0_5  {rise@0.000ns fall@5.000ns period=10.000ns})
  Path Group:             clk_out1_kria_bd_clk_wiz_0_5
  Path Type:              Hold (Min at Slow Process Corner)
  Requirement:            0.000ns  (clk_out1_kria_bd_clk_wiz_0_5 rise@0.000ns - clk_out1_kria_bd_clk_wiz_0_5 rise@0.000ns)
  Data Path Delay:        0.237ns  (logic 0.112ns (47.197%)  route 0.125ns (52.803%))
  Logic Levels:           0  
  Clock Path Skew:        0.106ns (DCD - SCD - CPR)
    Destination Clock Delay (DCD):    3.735ns
    Source Clock Delay      (SCD):    4.180ns
    Clock Pessimism Removal (CPR):    -0.551ns
  Clock Net Delay (Source):      1.637ns (routing 0.734ns, distribution 0.903ns)
  Clock Net Delay (Destination): 1.835ns (routing 0.795ns, distribution 1.040ns)

    Location             Delay type                Incr(ns)  Path(ns)    Netlist Resource(s)
  -------------------------------------------------------------------    -------------------
                         (clock clk_out1_kria_bd_clk_wiz_0_5 rise edge)
                                                      0.000     0.000 r  
    BUFG_PS_X0Y81        BUFG_PS                      0.000     0.000 r  kria_bd_i/zynq_ultra_ps_e_0/U0/buffer_pl_clk_0.PL_CLK_0_BUFG/O
                         net (fo=1, routed)           1.458     1.458    kria_bd_i/clk_wiz_0/inst/clk_in1
    MMCM_X0Y3            MMCME4_ADV (Prop_MMCM_CLKIN1_CLKOUT0)
                                                      0.739     2.197 r  kria_bd_i/clk_wiz_0/inst/mmcme4_adv_inst/CLKOUT0
                         net (fo=1, routed)           0.307     2.504    kria_bd_i/clk_wiz_0/inst/clk_out1_kria_bd_clk_wiz_0_5
    BUFGCE_X0Y76         BUFGCE (Prop_BUFCE_BUFGCE_I_O)
                                                      0.039     2.543 r  kria_bd_i/clk_wiz_0/inst/clkout1_buf/O
    X0Y3 (CLOCK_ROOT)    net (fo=666, routed)         1.637     4.180    <hidden>
    SLICE_X0Y189         FDRE                                         r  <hidden>
  -------------------------------------------------------------------    -------------------
    SLICE_X0Y189         FDRE (Prop_BFF_SLICEL_C_Q)
                                                      0.112     4.292 r  <hidden>
                         net (fo=2, routed)           0.125     4.418    <hidden>
    SLICE_X1Y189         FDRE                                         r  <hidden>
  -------------------------------------------------------------------    -------------------

                         (clock clk_out1_kria_bd_clk_wiz_0_5 rise edge)
                                                      0.000     0.000 r  
    BUFG_PS_X0Y81        BUFG_PS                      0.000     0.000 r  kria_bd_i/zynq_ultra_ps_e_0/U0/buffer_pl_clk_0.PL_CLK_0_BUFG/O
                         net (fo=1, routed)           1.611     1.611    kria_bd_i/clk_wiz_0/inst/clk_in1
    MMCM_X0Y3            MMCME4_ADV (Prop_MMCM_CLKIN1_CLKOUT0)
                                                     -0.103     1.508 r  kria_bd_i/clk_wiz_0/inst/mmcme4_adv_inst/CLKOUT0
                         net (fo=1, routed)           0.348     1.856    kria_bd_i/clk_wiz_0/inst/clk_out1_kria_bd_clk_wiz_0_5
    BUFGCE_X0Y76         BUFGCE (Prop_BUFCE_BUFGCE_I_O)
                                                      0.044     1.900 r  kria_bd_i/clk_wiz_0/inst/clkout1_buf/O
    X0Y3 (CLOCK_ROOT)    net (fo=666, routed)         1.835     3.735    <hidden>
    SLICE_X1Y189         FDRE                                         r  <hidden>
                         clock pessimism              0.551     4.286    
    SLICE_X1Y189         FDRE (Hold_BFF_SLICEM_C_D)
                                                      0.101     4.387    <hidden>
  -------------------------------------------------------------------
                         required time                         -4.387    
                         arrival time                           4.418    
  -------------------------------------------------------------------
                         slack                                  0.030    

Slack (MET) :             0.033ns  (arrival time - required time)
  Source:                 <hidden>
                            (rising edge-triggered cell FDRE clocked by clk_out1_kria_bd_clk_wiz_0_5  {rise@0.000ns fall@5.000ns period=10.000ns})
  Destination:            <hidden>
                            (rising edge-triggered cell FDRE clocked by clk_out1_kria_bd_clk_wiz_0_5  {rise@0.000ns fall@5.000ns period=10.000ns})
  Path Group:             clk_out1_kria_bd_clk_wiz_0_5
  Path Type:              Hold (Min at Slow Process Corner)
  Requirement:            0.000ns  (clk_out1_kria_bd_clk_wiz_0_5 rise@0.000ns - clk_out1_kria_bd_clk_wiz_0_5 rise@0.000ns)
  Data Path Delay:        0.268ns  (logic 0.112ns (41.791%)  route 0.156ns (58.209%))
  Logic Levels:           0  
  Clock Path Skew:        0.133ns (DCD - SCD - CPR)
    Destination Clock Delay (DCD):    3.768ns
    Source Clock Delay      (SCD):    4.185ns
    Clock Pessimism Removal (CPR):    -0.551ns
  Clock Net Delay (Source):      1.642ns (routing 0.734ns, distribution 0.908ns)
  Clock Net Delay (Destination): 1.868ns (routing 0.795ns, distribution 1.073ns)

    Location             Delay type                Incr(ns)  Path(ns)    Netlist Resource(s)
  -------------------------------------------------------------------    -------------------
                         (clock clk_out1_kria_bd_clk_wiz_0_5 rise edge)
                                                      0.000     0.000 r  
    BUFG_PS_X0Y81        BUFG_PS                      0.000     0.000 r  kria_bd_i/zynq_ultra_ps_e_0/U0/buffer_pl_clk_0.PL_CLK_0_BUFG/O
                         net (fo=1, routed)           1.458     1.458    kria_bd_i/clk_wiz_0/inst/clk_in1
    MMCM_X0Y3            MMCME4_ADV (Prop_MMCM_CLKIN1_CLKOUT0)
                                                      0.739     2.197 r  kria_bd_i/clk_wiz_0/inst/mmcme4_adv_inst/CLKOUT0
                         net (fo=1, routed)           0.307     2.504    kria_bd_i/clk_wiz_0/inst/clk_out1_kria_bd_clk_wiz_0_5
    BUFGCE_X0Y76         BUFGCE (Prop_BUFCE_BUFGCE_I_O)
                                                      0.039     2.543 r  kria_bd_i/clk_wiz_0/inst/clkout1_buf/O
    X0Y3 (CLOCK_ROOT)    net (fo=666, routed)         1.642     4.185    <hidden>
    SLICE_X4Y194         FDRE                                         r  <hidden>
  -------------------------------------------------------------------    -------------------
    SLICE_X4Y194         FDRE (Prop_HFF_SLICEM_C_Q)
                                                      0.112     4.297 r  <hidden>
                         net (fo=1, routed)           0.156     4.453    <hidden>
    SLICE_X5Y194         FDRE                                         r  <hidden>
  -------------------------------------------------------------------    -------------------

                         (clock clk_out1_kria_bd_clk_wiz_0_5 rise edge)
                                                      0.000     0.000 r  
    BUFG_PS_X0Y81        BUFG_PS                      0.000     0.000 r  kria_bd_i/zynq_ultra_ps_e_0/U0/buffer_pl_clk_0.PL_CLK_0_BUFG/O
                         net (fo=1, routed)           1.611     1.611    kria_bd_i/clk_wiz_0/inst/clk_in1
    MMCM_X0Y3            MMCME4_ADV (Prop_MMCM_CLKIN1_CLKOUT0)
                                                     -0.103     1.508 r  kria_bd_i/clk_wiz_0/inst/mmcme4_adv_inst/CLKOUT0
                         net (fo=1, routed)           0.348     1.856    kria_bd_i/clk_wiz_0/inst/clk_out1_kria_bd_clk_wiz_0_5
    BUFGCE_X0Y76         BUFGCE (Prop_BUFCE_BUFGCE_I_O)
                                                      0.044     1.900 r  kria_bd_i/clk_wiz_0/inst/clkout1_buf/O
    X0Y3 (CLOCK_ROOT)    net (fo=666, routed)         1.868     3.768    <hidden>
    SLICE_X5Y194         FDRE                                         r  <hidden>
                         clock pessimism              0.551     4.319    
    SLICE_X5Y194         FDRE (Hold_CFF2_SLICEM_C_D)
                                                      0.102     4.421    <hidden>
  -------------------------------------------------------------------
                         required time                         -4.421    
                         arrival time                           4.453    
  -------------------------------------------------------------------
                         slack                                  0.033    

Slack (MET) :             0.040ns  (arrival time - required time)
  Source:                 <hidden>
                            (rising edge-triggered cell FDRE clocked by clk_out1_kria_bd_clk_wiz_0_5  {rise@0.000ns fall@5.000ns period=10.000ns})
  Destination:            <hidden>
                            (rising edge-triggered cell FDRE clocked by clk_out1_kria_bd_clk_wiz_0_5  {rise@0.000ns fall@5.000ns period=10.000ns})
  Path Group:             clk_out1_kria_bd_clk_wiz_0_5
  Path Type:              Hold (Min at Slow Process Corner)
  Requirement:            0.000ns  (clk_out1_kria_bd_clk_wiz_0_5 rise@0.000ns - clk_out1_kria_bd_clk_wiz_0_5 rise@0.000ns)
  Data Path Delay:        0.247ns  (logic 0.115ns (46.512%)  route 0.132ns (53.488%))
  Logic Levels:           0  
  Clock Path Skew:        0.105ns (DCD - SCD - CPR)
    Destination Clock Delay (DCD):    3.734ns
    Source Clock Delay      (SCD):    4.180ns
    Clock Pessimism Removal (CPR):    -0.551ns
  Clock Net Delay (Source):      1.637ns (routing 0.734ns, distribution 0.903ns)
  Clock Net Delay (Destination): 1.834ns (routing 0.795ns, distribution 1.039ns)

    Location             Delay type                Incr(ns)  Path(ns)    Netlist Resource(s)
  -------------------------------------------------------------------    -------------------
                         (clock clk_out1_kria_bd_clk_wiz_0_5 rise edge)
                                                      0.000     0.000 r  
    BUFG_PS_X0Y81        BUFG_PS                      0.000     0.000 r  kria_bd_i/zynq_ultra_ps_e_0/U0/buffer_pl_clk_0.PL_CLK_0_BUFG/O
                         net (fo=1, routed)           1.458     1.458    kria_bd_i/clk_wiz_0/inst/clk_in1
    MMCM_X0Y3            MMCME4_ADV (Prop_MMCM_CLKIN1_CLKOUT0)
                                                      0.739     2.197 r  kria_bd_i/clk_wiz_0/inst/mmcme4_adv_inst/CLKOUT0
                         net (fo=1, routed)           0.307     2.504    kria_bd_i/clk_wiz_0/inst/clk_out1_kria_bd_clk_wiz_0_5
    BUFGCE_X0Y76         BUFGCE (Prop_BUFCE_BUFGCE_I_O)
                                                      0.039     2.543 r  kria_bd_i/clk_wiz_0/inst/clkout1_buf/O
    X0Y3 (CLOCK_ROOT)    net (fo=666, routed)         1.637     4.180    <hidden>
    SLICE_X0Y188         FDRE                                         r  <hidden>
  -------------------------------------------------------------------    -------------------
    SLICE_X0Y188         FDRE (Prop_DFF2_SLICEL_C_Q)
                                                      0.115     4.295 r  <hidden>
                         net (fo=2, routed)           0.132     4.427    <hidden>
    SLICE_X1Y189         FDRE                                         r  <hidden>
  -------------------------------------------------------------------    -------------------

                         (clock clk_out1_kria_bd_clk_wiz_0_5 rise edge)
                                                      0.000     0.000 r  
    BUFG_PS_X0Y81        BUFG_PS                      0.000     0.000 r  kria_bd_i/zynq_ultra_ps_e_0/U0/buffer_pl_clk_0.PL_CLK_0_BUFG/O
                         net (fo=1, routed)           1.611     1.611    kria_bd_i/clk_wiz_0/inst/clk_in1
    MMCM_X0Y3            MMCME4_ADV (Prop_MMCM_CLKIN1_CLKOUT0)
                                                     -0.103     1.508 r  kria_bd_i/clk_wiz_0/inst/mmcme4_adv_inst/CLKOUT0
                         net (fo=1, routed)           0.348     1.856    kria_bd_i/clk_wiz_0/inst/clk_out1_kria_bd_clk_wiz_0_5
    BUFGCE_X0Y76         BUFGCE (Prop_BUFCE_BUFGCE_I_O)
                                                      0.044     1.900 r  kria_bd_i/clk_wiz_0/inst/clkout1_buf/O
    X0Y3 (CLOCK_ROOT)    net (fo=666, routed)         1.834     3.734    <hidden>
    SLICE_X1Y189         FDRE                                         r  <hidden>
                         clock pessimism              0.551     4.285    
    SLICE_X1Y189         FDRE (Hold_FFF2_SLICEM_C_D)
                                                      0.102     4.387    <hidden>
  -------------------------------------------------------------------
                         required time                         -4.387    
                         arrival time                           4.427    
  -------------------------------------------------------------------
                         slack                                  0.040    

Slack (MET) :             0.043ns  (arrival time - required time)
  Source:                 kria_bd_i/axi_intc_0/U0/INTC_CORE_I/INTR_DETECT_GEN[0].ASYNC_GEN.intr_ff_reg[1]/C
                            (rising edge-triggered cell FDRE clocked by clk_out1_kria_bd_clk_wiz_0_5  {rise@0.000ns fall@5.000ns period=10.000ns})
  Destination:            kria_bd_i/axi_intc_0/U0/INTC_CORE_I/INTR_DETECT_GEN[0].EDGE_DETECT_GEN.intr_d1_reg/D
                            (rising edge-triggered cell FDRE clocked by clk_out1_kria_bd_clk_wiz_0_5  {rise@0.000ns fall@5.000ns period=10.000ns})
  Path Group:             clk_out1_kria_bd_clk_wiz_0_5
  Path Type:              Hold (Min at Slow Process Corner)
  Requirement:            0.000ns  (clk_out1_kria_bd_clk_wiz_0_5 rise@0.000ns - clk_out1_kria_bd_clk_wiz_0_5 rise@0.000ns)
  Data Path Delay:        0.265ns  (logic 0.114ns (43.053%)  route 0.151ns (56.947%))
  Logic Levels:           0  
  Clock Path Skew:        0.121ns (DCD - SCD - CPR)
    Destination Clock Delay (DCD):    3.761ns
    Source Clock Delay      (SCD):    4.191ns
    Clock Pessimism Removal (CPR):    -0.551ns
  Clock Net Delay (Source):      1.648ns (routing 0.734ns, distribution 0.914ns)
  Clock Net Delay (Destination): 1.861ns (routing 0.795ns, distribution 1.066ns)

    Location             Delay type                Incr(ns)  Path(ns)    Netlist Resource(s)
  -------------------------------------------------------------------    -------------------
                         (clock clk_out1_kria_bd_clk_wiz_0_5 rise edge)
                                                      0.000     0.000 r  
    BUFG_PS_X0Y81        BUFG_PS                      0.000     0.000 r  kria_bd_i/zynq_ultra_ps_e_0/U0/buffer_pl_clk_0.PL_CLK_0_BUFG/O
                         net (fo=1, routed)           1.458     1.458    kria_bd_i/clk_wiz_0/inst/clk_in1
    MMCM_X0Y3            MMCME4_ADV (Prop_MMCM_CLKIN1_CLKOUT0)
                                                      0.739     2.197 r  kria_bd_i/clk_wiz_0/inst/mmcme4_adv_inst/CLKOUT0
                         net (fo=1, routed)           0.307     2.504    kria_bd_i/clk_wiz_0/inst/clk_out1_kria_bd_clk_wiz_0_5
    BUFGCE_X0Y76         BUFGCE (Prop_BUFCE_BUFGCE_I_O)
                                                      0.039     2.543 r  kria_bd_i/clk_wiz_0/inst/clkout1_buf/O
    X0Y3 (CLOCK_ROOT)    net (fo=666, routed)         1.648     4.191    kria_bd_i/axi_intc_0/U0/INTC_CORE_I/s_axi_aclk
    SLICE_X7Y193         FDRE                                         r  kria_bd_i/axi_intc_0/U0/INTC_CORE_I/INTR_DETECT_GEN[0].ASYNC_GEN.intr_ff_reg[1]/C
  -------------------------------------------------------------------    -------------------
    SLICE_X7Y193         FDRE (Prop_AFF2_SLICEM_C_Q)
                                                      0.114     4.305 r  kria_bd_i/axi_intc_0/U0/INTC_CORE_I/INTR_DETECT_GEN[0].ASYNC_GEN.intr_ff_reg[1]/Q
                         net (fo=2, routed)           0.151     4.456    kria_bd_i/axi_intc_0/U0/INTC_CORE_I/INTR_DETECT_GEN[0].ASYNC_GEN.intr_ff[1]
    SLICE_X6Y193         FDRE                                         r  kria_bd_i/axi_intc_0/U0/INTC_CORE_I/INTR_DETECT_GEN[0].EDGE_DETECT_GEN.intr_d1_reg/D
  -------------------------------------------------------------------    -------------------

                         (clock clk_out1_kria_bd_clk_wiz_0_5 rise edge)
                                                      0.000     0.000 r  
    BUFG_PS_X0Y81        BUFG_PS                      0.000     0.000 r  kria_bd_i/zynq_ultra_ps_e_0/U0/buffer_pl_clk_0.PL_CLK_0_BUFG/O
                         net (fo=1, routed)           1.611     1.611    kria_bd_i/clk_wiz_0/inst/clk_in1
    MMCM_X0Y3            MMCME4_ADV (Prop_MMCM_CLKIN1_CLKOUT0)
                                                     -0.103     1.508 r  kria_bd_i/clk_wiz_0/inst/mmcme4_adv_inst/CLKOUT0
                         net (fo=1, routed)           0.348     1.856    kria_bd_i/clk_wiz_0/inst/clk_out1_kria_bd_clk_wiz_0_5
    BUFGCE_X0Y76         BUFGCE (Prop_BUFCE_BUFGCE_I_O)
                                                      0.044     1.900 r  kria_bd_i/clk_wiz_0/inst/clkout1_buf/O
    X0Y3 (CLOCK_ROOT)    net (fo=666, routed)         1.861     3.761    kria_bd_i/axi_intc_0/U0/INTC_CORE_I/s_axi_aclk
    SLICE_X6Y193         FDRE                                         r  kria_bd_i/axi_intc_0/U0/INTC_CORE_I/INTR_DETECT_GEN[0].EDGE_DETECT_GEN.intr_d1_reg/C
                         clock pessimism              0.551     4.312    
    SLICE_X6Y193         FDRE (Hold_EFF_SLICEL_C_D)
                                                      0.101     4.413    kria_bd_i/axi_intc_0/U0/INTC_CORE_I/INTR_DETECT_GEN[0].EDGE_DETECT_GEN.intr_d1_reg
  -------------------------------------------------------------------
                         required time                         -4.413    
                         arrival time                           4.456    
  -------------------------------------------------------------------
                         slack                                  0.043    

Slack (MET) :             0.047ns  (arrival time - required time)
  Source:                 <hidden>
                            (rising edge-triggered cell FDRE clocked by clk_out1_kria_bd_clk_wiz_0_5  {rise@0.000ns fall@5.000ns period=10.000ns})
  Destination:            <hidden>
                            (rising edge-triggered cell FDRE clocked by clk_out1_kria_bd_clk_wiz_0_5  {rise@0.000ns fall@5.000ns period=10.000ns})
  Path Group:             clk_out1_kria_bd_clk_wiz_0_5
  Path Type:              Hold (Min at Slow Process Corner)
  Requirement:            0.000ns  (clk_out1_kria_bd_clk_wiz_0_5 rise@0.000ns - clk_out1_kria_bd_clk_wiz_0_5 rise@0.000ns)
  Data Path Delay:        0.254ns  (logic 0.112ns (44.094%)  route 0.142ns (55.905%))
  Logic Levels:           0  
  Clock Path Skew:        0.105ns (DCD - SCD - CPR)
    Destination Clock Delay (DCD):    3.731ns
    Source Clock Delay      (SCD):    4.177ns
    Clock Pessimism Removal (CPR):    -0.551ns
  Clock Net Delay (Source):      1.634ns (routing 0.734ns, distribution 0.900ns)
  Clock Net Delay (Destination): 1.831ns (routing 0.795ns, distribution 1.036ns)

    Location             Delay type                Incr(ns)  Path(ns)    Netlist Resource(s)
  -------------------------------------------------------------------    -------------------
                         (clock clk_out1_kria_bd_clk_wiz_0_5 rise edge)
                                                      0.000     0.000 r  
    BUFG_PS_X0Y81        BUFG_PS                      0.000     0.000 r  kria_bd_i/zynq_ultra_ps_e_0/U0/buffer_pl_clk_0.PL_CLK_0_BUFG/O
                         net (fo=1, routed)           1.458     1.458    kria_bd_i/clk_wiz_0/inst/clk_in1
    MMCM_X0Y3            MMCME4_ADV (Prop_MMCM_CLKIN1_CLKOUT0)
                                                      0.739     2.197 r  kria_bd_i/clk_wiz_0/inst/mmcme4_adv_inst/CLKOUT0
                         net (fo=1, routed)           0.307     2.504    kria_bd_i/clk_wiz_0/inst/clk_out1_kria_bd_clk_wiz_0_5
    BUFGCE_X0Y76         BUFGCE (Prop_BUFCE_BUFGCE_I_O)
                                                      0.039     2.543 r  kria_bd_i/clk_wiz_0/inst/clkout1_buf/O
    X0Y3 (CLOCK_ROOT)    net (fo=666, routed)         1.634     4.177    <hidden>
    SLICE_X0Y194         FDRE                                         r  <hidden>
  -------------------------------------------------------------------    -------------------
    SLICE_X0Y194         FDRE (Prop_DFF_SLICEL_C_Q)
                                                      0.112     4.289 r  <hidden>
                         net (fo=2, routed)           0.142     4.431    <hidden>
    SLICE_X1Y193         FDRE                                         r  <hidden>
  -------------------------------------------------------------------    -------------------

                         (clock clk_out1_kria_bd_clk_wiz_0_5 rise edge)
                                                      0.000     0.000 r  
    BUFG_PS_X0Y81        BUFG_PS                      0.000     0.000 r  kria_bd_i/zynq_ultra_ps_e_0/U0/buffer_pl_clk_0.PL_CLK_0_BUFG/O
                         net (fo=1, routed)           1.611     1.611    kria_bd_i/clk_wiz_0/inst/clk_in1
    MMCM_X0Y3            MMCME4_ADV (Prop_MMCM_CLKIN1_CLKOUT0)
                                                     -0.103     1.508 r  kria_bd_i/clk_wiz_0/inst/mmcme4_adv_inst/CLKOUT0
                         net (fo=1, routed)           0.348     1.856    kria_bd_i/clk_wiz_0/inst/clk_out1_kria_bd_clk_wiz_0_5
    BUFGCE_X0Y76         BUFGCE (Prop_BUFCE_BUFGCE_I_O)
                                                      0.044     1.900 r  kria_bd_i/clk_wiz_0/inst/clkout1_buf/O
    X0Y3 (CLOCK_ROOT)    net (fo=666, routed)         1.831     3.731    <hidden>
    SLICE_X1Y193         FDRE                                         r  <hidden>
                         clock pessimism              0.551     4.282    
    SLICE_X1Y193         FDRE (Hold_GFF2_SLICEM_C_D)
                                                      0.102     4.384    <hidden>
  -------------------------------------------------------------------
                         required time                         -4.384    
                         arrival time                           4.431    
  -------------------------------------------------------------------
                         slack                                  0.047    

Slack (MET) :             0.057ns  (arrival time - required time)
  Source:                 <hidden>
                            (rising edge-triggered cell FDRE clocked by clk_out1_kria_bd_clk_wiz_0_5  {rise@0.000ns fall@5.000ns period=10.000ns})
  Destination:            <hidden>
                            (rising edge-triggered cell FDRE clocked by clk_out1_kria_bd_clk_wiz_0_5  {rise@0.000ns fall@5.000ns period=10.000ns})
  Path Group:             clk_out1_kria_bd_clk_wiz_0_5
  Path Type:              Hold (Min at Slow Process Corner)
  Requirement:            0.000ns  (clk_out1_kria_bd_clk_wiz_0_5 rise@0.000ns - clk_out1_kria_bd_clk_wiz_0_5 rise@0.000ns)
  Data Path Delay:        0.264ns  (logic 0.112ns (42.496%)  route 0.152ns (57.503%))
  Logic Levels:           0  
  Clock Path Skew:        0.105ns (DCD - SCD - CPR)
    Destination Clock Delay (DCD):    3.732ns
    Source Clock Delay      (SCD):    4.178ns
    Clock Pessimism Removal (CPR):    -0.551ns
  Clock Net Delay (Source):      1.635ns (routing 0.734ns, distribution 0.901ns)
  Clock Net Delay (Destination): 1.832ns (routing 0.795ns, distribution 1.037ns)

    Location             Delay type                Incr(ns)  Path(ns)    Netlist Resource(s)
  -------------------------------------------------------------------    -------------------
                         (clock clk_out1_kria_bd_clk_wiz_0_5 rise edge)
                                                      0.000     0.000 r  
    BUFG_PS_X0Y81        BUFG_PS                      0.000     0.000 r  kria_bd_i/zynq_ultra_ps_e_0/U0/buffer_pl_clk_0.PL_CLK_0_BUFG/O
                         net (fo=1, routed)           1.458     1.458    kria_bd_i/clk_wiz_0/inst/clk_in1
    MMCM_X0Y3            MMCME4_ADV (Prop_MMCM_CLKIN1_CLKOUT0)
                                                      0.739     2.197 r  kria_bd_i/clk_wiz_0/inst/mmcme4_adv_inst/CLKOUT0
                         net (fo=1, routed)           0.307     2.504    kria_bd_i/clk_wiz_0/inst/clk_out1_kria_bd_clk_wiz_0_5
    BUFGCE_X0Y76         BUFGCE (Prop_BUFCE_BUFGCE_I_O)
                                                      0.039     2.543 r  kria_bd_i/clk_wiz_0/inst/clkout1_buf/O
    X0Y3 (CLOCK_ROOT)    net (fo=666, routed)         1.635     4.178    <hidden>
    SLICE_X0Y192         FDRE                                         r  <hidden>
  -------------------------------------------------------------------    -------------------
    SLICE_X0Y192         FDRE (Prop_AFF_SLICEL_C_Q)
                                                      0.112     4.290 r  <hidden>
                         net (fo=2, routed)           0.152     4.442    <hidden>
    SLICE_X1Y192         FDRE                                         r  <hidden>
  -------------------------------------------------------------------    -------------------

                         (clock clk_out1_kria_bd_clk_wiz_0_5 rise edge)
                                                      0.000     0.000 r  
    BUFG_PS_X0Y81        BUFG_PS                      0.000     0.000 r  kria_bd_i/zynq_ultra_ps_e_0/U0/buffer_pl_clk_0.PL_CLK_0_BUFG/O
                         net (fo=1, routed)           1.611     1.611    kria_bd_i/clk_wiz_0/inst/clk_in1
    MMCM_X0Y3            MMCME4_ADV (Prop_MMCM_CLKIN1_CLKOUT0)
                                                     -0.103     1.508 r  kria_bd_i/clk_wiz_0/inst/mmcme4_adv_inst/CLKOUT0
                         net (fo=1, routed)           0.348     1.856    kria_bd_i/clk_wiz_0/inst/clk_out1_kria_bd_clk_wiz_0_5
    BUFGCE_X0Y76         BUFGCE (Prop_BUFCE_BUFGCE_I_O)
                                                      0.044     1.900 r  kria_bd_i/clk_wiz_0/inst/clkout1_buf/O
    X0Y3 (CLOCK_ROOT)    net (fo=666, routed)         1.832     3.732    <hidden>
    SLICE_X1Y192         FDRE                                         r  <hidden>
                         clock pessimism              0.551     4.283    
    SLICE_X1Y192         FDRE (Hold_EFF2_SLICEM_C_D)
                                                      0.102     4.385    <hidden>
  -------------------------------------------------------------------
                         required time                         -4.385    
                         arrival time                           4.442    
  -------------------------------------------------------------------
                         slack                                  0.057    

Slack (MET) :             0.059ns  (arrival time - required time)
  Source:                 <hidden>
                            (rising edge-triggered cell FDRE clocked by clk_out1_kria_bd_clk_wiz_0_5  {rise@0.000ns fall@5.000ns period=10.000ns})
  Destination:            <hidden>
                            (rising edge-triggered cell FDRE clocked by clk_out1_kria_bd_clk_wiz_0_5  {rise@0.000ns fall@5.000ns period=10.000ns})
  Path Group:             clk_out1_kria_bd_clk_wiz_0_5
  Path Type:              Hold (Min at Slow Process Corner)
  Requirement:            0.000ns  (clk_out1_kria_bd_clk_wiz_0_5 rise@0.000ns - clk_out1_kria_bd_clk_wiz_0_5 rise@0.000ns)
  Data Path Delay:        0.266ns  (logic 0.112ns (42.057%)  route 0.154ns (57.943%))
  Logic Levels:           0  
  Clock Path Skew:        0.106ns (DCD - SCD - CPR)
    Destination Clock Delay (DCD):    3.733ns
    Source Clock Delay      (SCD):    4.178ns
    Clock Pessimism Removal (CPR):    -0.551ns
  Clock Net Delay (Source):      1.635ns (routing 0.734ns, distribution 0.901ns)
  Clock Net Delay (Destination): 1.833ns (routing 0.795ns, distribution 1.038ns)

    Location             Delay type                Incr(ns)  Path(ns)    Netlist Resource(s)
  -------------------------------------------------------------------    -------------------
                         (clock clk_out1_kria_bd_clk_wiz_0_5 rise edge)
                                                      0.000     0.000 r  
    BUFG_PS_X0Y81        BUFG_PS                      0.000     0.000 r  kria_bd_i/zynq_ultra_ps_e_0/U0/buffer_pl_clk_0.PL_CLK_0_BUFG/O
                         net (fo=1, routed)           1.458     1.458    kria_bd_i/clk_wiz_0/inst/clk_in1
    MMCM_X0Y3            MMCME4_ADV (Prop_MMCM_CLKIN1_CLKOUT0)
                                                      0.739     2.197 r  kria_bd_i/clk_wiz_0/inst/mmcme4_adv_inst/CLKOUT0
                         net (fo=1, routed)           0.307     2.504    kria_bd_i/clk_wiz_0/inst/clk_out1_kria_bd_clk_wiz_0_5
    BUFGCE_X0Y76         BUFGCE (Prop_BUFCE_BUFGCE_I_O)
                                                      0.039     2.543 r  kria_bd_i/clk_wiz_0/inst/clkout1_buf/O
    X0Y3 (CLOCK_ROOT)    net (fo=666, routed)         1.635     4.178    <hidden>
    SLICE_X0Y192         FDRE                                         r  <hidden>
  -------------------------------------------------------------------    -------------------
    SLICE_X0Y192         FDRE (Prop_BFF_SLICEL_C_Q)
                                                      0.112     4.290 r  <hidden>
                         net (fo=2, routed)           0.154     4.445    <hidden>
    SLICE_X1Y192         FDRE                                         r  <hidden>
  -------------------------------------------------------------------    -------------------

                         (clock clk_out1_kria_bd_clk_wiz_0_5 rise edge)
                                                      0.000     0.000 r  
    BUFG_PS_X0Y81        BUFG_PS                      0.000     0.000 r  kria_bd_i/zynq_ultra_ps_e_0/U0/buffer_pl_clk_0.PL_CLK_0_BUFG/O
                         net (fo=1, routed)           1.611     1.611    kria_bd_i/clk_wiz_0/inst/clk_in1
    MMCM_X0Y3            MMCME4_ADV (Prop_MMCM_CLKIN1_CLKOUT0)
                                                     -0.103     1.508 r  kria_bd_i/clk_wiz_0/inst/mmcme4_adv_inst/CLKOUT0
                         net (fo=1, routed)           0.348     1.856    kria_bd_i/clk_wiz_0/inst/clk_out1_kria_bd_clk_wiz_0_5
    BUFGCE_X0Y76         BUFGCE (Prop_BUFCE_BUFGCE_I_O)
                                                      0.044     1.900 r  kria_bd_i/clk_wiz_0/inst/clkout1_buf/O
    X0Y3 (CLOCK_ROOT)    net (fo=666, routed)         1.833     3.733    <hidden>
    SLICE_X1Y192         FDRE                                         r  <hidden>
                         clock pessimism              0.551     4.284    
    SLICE_X1Y192         FDRE (Hold_AFF_SLICEM_C_D)
                                                      0.101     4.385    <hidden>
  -------------------------------------------------------------------
                         required time                         -4.385    
                         arrival time                           4.445    
  -------------------------------------------------------------------
                         slack                                  0.059    

Slack (MET) :             0.061ns  (arrival time - required time)
  Source:                 kria_bd_i/axi_intc_0/U0/AXI_LITE_IPIF_I/I_SLAVE_ATTACHMENT/s_axi_rdata_i_reg[29]/C
                            (rising edge-triggered cell FDRE clocked by clk_out1_kria_bd_clk_wiz_0_5  {rise@0.000ns fall@5.000ns period=10.000ns})
  Destination:            <hidden>
                            (rising edge-triggered cell FDRE clocked by clk_out1_kria_bd_clk_wiz_0_5  {rise@0.000ns fall@5.000ns period=10.000ns})
  Path Group:             clk_out1_kria_bd_clk_wiz_0_5
  Path Type:              Hold (Min at Slow Process Corner)
  Requirement:            0.000ns  (clk_out1_kria_bd_clk_wiz_0_5 rise@0.000ns - clk_out1_kria_bd_clk_wiz_0_5 rise@0.000ns)
  Data Path Delay:        0.215ns  (logic 0.112ns (52.093%)  route 0.103ns (47.907%))
  Logic Levels:           0  
  Clock Path Skew:        0.052ns (DCD - SCD - CPR)
    Destination Clock Delay (DCD):    3.768ns
    Source Clock Delay      (SCD):    4.205ns
    Clock Pessimism Removal (CPR):    -0.489ns
  Clock Net Delay (Source):      1.662ns (routing 0.734ns, distribution 0.928ns)
  Clock Net Delay (Destination): 1.868ns (routing 0.795ns, distribution 1.073ns)

    Location             Delay type                Incr(ns)  Path(ns)    Netlist Resource(s)
  -------------------------------------------------------------------    -------------------
                         (clock clk_out1_kria_bd_clk_wiz_0_5 rise edge)
                                                      0.000     0.000 r  
    BUFG_PS_X0Y81        BUFG_PS                      0.000     0.000 r  kria_bd_i/zynq_ultra_ps_e_0/U0/buffer_pl_clk_0.PL_CLK_0_BUFG/O
                         net (fo=1, routed)           1.458     1.458    kria_bd_i/clk_wiz_0/inst/clk_in1
    MMCM_X0Y3            MMCME4_ADV (Prop_MMCM_CLKIN1_CLKOUT0)
                                                      0.739     2.197 r  kria_bd_i/clk_wiz_0/inst/mmcme4_adv_inst/CLKOUT0
                         net (fo=1, routed)           0.307     2.504    kria_bd_i/clk_wiz_0/inst/clk_out1_kria_bd_clk_wiz_0_5
    BUFGCE_X0Y76         BUFGCE (Prop_BUFCE_BUFGCE_I_O)
                                                      0.039     2.543 r  kria_bd_i/clk_wiz_0/inst/clkout1_buf/O
    X0Y3 (CLOCK_ROOT)    net (fo=666, routed)         1.662     4.205    kria_bd_i/axi_intc_0/U0/AXI_LITE_IPIF_I/I_SLAVE_ATTACHMENT/s_axi_aclk
    SLICE_X5Y192         FDRE                                         r  kria_bd_i/axi_intc_0/U0/AXI_LITE_IPIF_I/I_SLAVE_ATTACHMENT/s_axi_rdata_i_reg[29]/C
  -------------------------------------------------------------------    -------------------
    SLICE_X5Y192         FDRE (Prop_CFF_SLICEM_C_Q)
                                                      0.112     4.317 r  kria_bd_i/axi_intc_0/U0/AXI_LITE_IPIF_I/I_SLAVE_ATTACHMENT/s_axi_rdata_i_reg[29]/Q
                         net (fo=1, routed)           0.103     4.420    <hidden>
    SLICE_X5Y192         FDRE                                         r  <hidden>
  -------------------------------------------------------------------    -------------------

                         (clock clk_out1_kria_bd_clk_wiz_0_5 rise edge)
                                                      0.000     0.000 r  
    BUFG_PS_X0Y81        BUFG_PS                      0.000     0.000 r  kria_bd_i/zynq_ultra_ps_e_0/U0/buffer_pl_clk_0.PL_CLK_0_BUFG/O
                         net (fo=1, routed)           1.611     1.611    kria_bd_i/clk_wiz_0/inst/clk_in1
    MMCM_X0Y3            MMCME4_ADV (Prop_MMCM_CLKIN1_CLKOUT0)
                                                     -0.103     1.508 r  kria_bd_i/clk_wiz_0/inst/mmcme4_adv_inst/CLKOUT0
                         net (fo=1, routed)           0.348     1.856    kria_bd_i/clk_wiz_0/inst/clk_out1_kria_bd_clk_wiz_0_5
    BUFGCE_X0Y76         BUFGCE (Prop_BUFCE_BUFGCE_I_O)
                                                      0.044     1.900 r  kria_bd_i/clk_wiz_0/inst/clkout1_buf/O
    X0Y3 (CLOCK_ROOT)    net (fo=666, routed)         1.868     3.768    <hidden>
    SLICE_X5Y192         FDRE                                         r  <hidden>
                         clock pessimism              0.489     4.256    
    SLICE_X5Y192         FDRE (Hold_FFF2_SLICEM_C_D)
                                                      0.102     4.358    <hidden>
  -------------------------------------------------------------------
                         required time                         -4.358    
                         arrival time                           4.420    
  -------------------------------------------------------------------
                         slack                                  0.061    

Slack (MET) :             0.062ns  (arrival time - required time)
  Source:                 <hidden>
                            (rising edge-triggered cell FDRE clocked by clk_out1_kria_bd_clk_wiz_0_5  {rise@0.000ns fall@5.000ns period=10.000ns})
  Destination:            <hidden>
                            (rising edge-triggered cell FDRE clocked by clk_out1_kria_bd_clk_wiz_0_5  {rise@0.000ns fall@5.000ns period=10.000ns})
  Path Group:             clk_out1_kria_bd_clk_wiz_0_5
  Path Type:              Hold (Min at Slow Process Corner)
  Requirement:            0.000ns  (clk_out1_kria_bd_clk_wiz_0_5 rise@0.000ns - clk_out1_kria_bd_clk_wiz_0_5 rise@0.000ns)
  Data Path Delay:        0.291ns  (logic 0.163ns (56.014%)  route 0.128ns (43.986%))
  Logic Levels:           1  (LUT4=1)
  Clock Path Skew:        0.126ns (DCD - SCD - CPR)
    Destination Clock Delay (DCD):    3.759ns
    Source Clock Delay      (SCD):    4.183ns
    Clock Pessimism Removal (CPR):    -0.551ns
  Clock Net Delay (Source):      1.640ns (routing 0.734ns, distribution 0.906ns)
  Clock Net Delay (Destination): 1.859ns (routing 0.795ns, distribution 1.064ns)

    Location             Delay type                Incr(ns)  Path(ns)    Netlist Resource(s)
  -------------------------------------------------------------------    -------------------
                         (clock clk_out1_kria_bd_clk_wiz_0_5 rise edge)
                                                      0.000     0.000 r  
    BUFG_PS_X0Y81        BUFG_PS                      0.000     0.000 r  kria_bd_i/zynq_ultra_ps_e_0/U0/buffer_pl_clk_0.PL_CLK_0_BUFG/O
                         net (fo=1, routed)           1.458     1.458    kria_bd_i/clk_wiz_0/inst/clk_in1
    MMCM_X0Y3            MMCME4_ADV (Prop_MMCM_CLKIN1_CLKOUT0)
                                                      0.739     2.197 r  kria_bd_i/clk_wiz_0/inst/mmcme4_adv_inst/CLKOUT0
                         net (fo=1, routed)           0.307     2.504    kria_bd_i/clk_wiz_0/inst/clk_out1_kria_bd_clk_wiz_0_5
    BUFGCE_X0Y76         BUFGCE (Prop_BUFCE_BUFGCE_I_O)
                                                      0.039     2.543 r  kria_bd_i/clk_wiz_0/inst/clkout1_buf/O
    X0Y3 (CLOCK_ROOT)    net (fo=666, routed)         1.640     4.183    <hidden>
    SLICE_X4Y197         FDRE                                         r  <hidden>
  -------------------------------------------------------------------    -------------------
    SLICE_X4Y197         FDRE (Prop_HFF2_SLICEM_C_Q)
                                                      0.113     4.296 r  <hidden>
                         net (fo=1, routed)           0.117     4.413    <hidden>
    SLICE_X2Y196         LUT4 (Prop_H5LUT_SLICEM_I3_O)
                                                      0.050     4.463 r  <hidden>
                         net (fo=1, routed)           0.011     4.474    <hidden>
    SLICE_X2Y196         FDRE                                         r  <hidden>
  -------------------------------------------------------------------    -------------------

                         (clock clk_out1_kria_bd_clk_wiz_0_5 rise edge)
                                                      0.000     0.000 r  
    BUFG_PS_X0Y81        BUFG_PS                      0.000     0.000 r  kria_bd_i/zynq_ultra_ps_e_0/U0/buffer_pl_clk_0.PL_CLK_0_BUFG/O
                         net (fo=1, routed)           1.611     1.611    kria_bd_i/clk_wiz_0/inst/clk_in1
    MMCM_X0Y3            MMCME4_ADV (Prop_MMCM_CLKIN1_CLKOUT0)
                                                     -0.103     1.508 r  kria_bd_i/clk_wiz_0/inst/mmcme4_adv_inst/CLKOUT0
                         net (fo=1, routed)           0.348     1.856    kria_bd_i/clk_wiz_0/inst/clk_out1_kria_bd_clk_wiz_0_5
    BUFGCE_X0Y76         BUFGCE (Prop_BUFCE_BUFGCE_I_O)
                                                      0.044     1.900 r  kria_bd_i/clk_wiz_0/inst/clkout1_buf/O
    X0Y3 (CLOCK_ROOT)    net (fo=666, routed)         1.859     3.759    <hidden>
    SLICE_X2Y196         FDRE                                         r  <hidden>
                         clock pessimism              0.551     4.310    
    SLICE_X2Y196         FDRE (Hold_HFF2_SLICEM_C_D)
                                                      0.103     4.413    <hidden>
  -------------------------------------------------------------------
                         required time                         -4.413    
                         arrival time                           4.474    
  -------------------------------------------------------------------
                         slack                                  0.062    





Pulse Width Checks
--------------------------------------------------------------------------------------
Clock Name:         clk_out1_kria_bd_clk_wiz_0_5
Waveform(ns):       { 0.000 5.000 }
Period(ns):         10.000
Sources:            { kria_bd_i/clk_wiz_0/inst/mmcme4_adv_inst/CLKOUT0 }

Check Type        Corner  Lib Pin             Reference Pin  Required(ns)  Actual(ns)  Slack(ns)  Location      Pin
Min Period        n/a     PS8/MAXIGP2ACLK     n/a            3.000         10.000      7.000      PS8_X0Y0      kria_bd_i/zynq_ultra_ps_e_0/U0/PS8_i/MAXIGP2ACLK
Min Period        n/a     SRL16E/CLK          n/a            1.524         10.000      8.476      SLICE_X7Y205  kria_bd_i/axi_smc/inst/clk_map/psr_aclk/U0/EXT_LPF/POR_SRL_I/CLK
Min Period        n/a     SRL16E/CLK          n/a            1.524         10.000      8.476      SLICE_X5Y190  kria_bd_i/proc_sys_reset_0/U0/EXT_LPF/POR_SRL_I/CLK
Min Period        n/a     BUFGCE/I            n/a            1.379         10.000      8.621      BUFGCE_X0Y76  kria_bd_i/clk_wiz_0/inst/clkout1_buf/I
Min Period        n/a     MMCME4_ADV/CLKOUT0  n/a            1.071         10.000      8.929      MMCM_X0Y3     kria_bd_i/clk_wiz_0/inst/mmcme4_adv_inst/CLKOUT0
Min Period        n/a     FDRE/C              n/a            0.550         10.000      9.450      SLICE_X6Y196  kria_bd_i/axi_intc_0/U0/ip2bus_rdack_int_d1_reg/C
Min Period        n/a     FDRE/C              n/a            0.550         10.000      9.450      SLICE_X6Y196  kria_bd_i/axi_intc_0/U0/ip2bus_rdack_reg/C
Min Period        n/a     FDRE/C              n/a            0.550         10.000      9.450      SLICE_X6Y195  kria_bd_i/axi_intc_0/U0/ip2bus_wrack_int_d1_reg/C
Min Period        n/a     FDRE/C              n/a            0.550         10.000      9.450      SLICE_X6Y195  kria_bd_i/axi_intc_0/U0/ip2bus_wrack_reg/C
Min Period        n/a     FDSE/C              n/a            0.550         10.000      9.450      SLICE_X4Y197  kria_bd_i/axi_intc_0/U0/AXI_LITE_IPIF_I/I_SLAVE_ATTACHMENT/FSM_onehot_state_reg[0]/C
Low Pulse Width   Slow    PS8/MAXIGP2ACLK     n/a            1.500         5.000       3.500      PS8_X0Y0      kria_bd_i/zynq_ultra_ps_e_0/U0/PS8_i/MAXIGP2ACLK
Low Pulse Width   Fast    PS8/MAXIGP2ACLK     n/a            1.500         5.000       3.500      PS8_X0Y0      kria_bd_i/zynq_ultra_ps_e_0/U0/PS8_i/MAXIGP2ACLK
Low Pulse Width   Slow    SRL16E/CLK          n/a            0.762         5.000       4.238      SLICE_X7Y205  kria_bd_i/axi_smc/inst/clk_map/psr_aclk/U0/EXT_LPF/POR_SRL_I/CLK
Low Pulse Width   Fast    SRL16E/CLK          n/a            0.762         5.000       4.238      SLICE_X7Y205  kria_bd_i/axi_smc/inst/clk_map/psr_aclk/U0/EXT_LPF/POR_SRL_I/CLK
Low Pulse Width   Slow    SRL16E/CLK          n/a            0.762         5.000       4.238      SLICE_X5Y190  kria_bd_i/proc_sys_reset_0/U0/EXT_LPF/POR_SRL_I/CLK
Low Pulse Width   Fast    SRL16E/CLK          n/a            0.762         5.000       4.238      SLICE_X5Y190  kria_bd_i/proc_sys_reset_0/U0/EXT_LPF/POR_SRL_I/CLK
Low Pulse Width   Slow    FDRE/C              n/a            0.275         5.000       4.725      SLICE_X6Y196  kria_bd_i/axi_intc_0/U0/ip2bus_rdack_int_d1_reg/C
Low Pulse Width   Fast    FDRE/C              n/a            0.275         5.000       4.725      SLICE_X6Y196  kria_bd_i/axi_intc_0/U0/ip2bus_rdack_int_d1_reg/C
Low Pulse Width   Slow    FDRE/C              n/a            0.275         5.000       4.725      SLICE_X6Y196  kria_bd_i/axi_intc_0/U0/ip2bus_rdack_reg/C
Low Pulse Width   Fast    FDRE/C              n/a            0.275         5.000       4.725      SLICE_X6Y196  kria_bd_i/axi_intc_0/U0/ip2bus_rdack_reg/C
High Pulse Width  Slow    PS8/MAXIGP2ACLK     n/a            1.500         5.000       3.500      PS8_X0Y0      kria_bd_i/zynq_ultra_ps_e_0/U0/PS8_i/MAXIGP2ACLK
High Pulse Width  Fast    PS8/MAXIGP2ACLK     n/a            1.500         5.000       3.500      PS8_X0Y0      kria_bd_i/zynq_ultra_ps_e_0/U0/PS8_i/MAXIGP2ACLK
High Pulse Width  Slow    SRL16E/CLK          n/a            0.762         5.000       4.238      SLICE_X7Y205  kria_bd_i/axi_smc/inst/clk_map/psr_aclk/U0/EXT_LPF/POR_SRL_I/CLK
High Pulse Width  Fast    SRL16E/CLK          n/a            0.762         5.000       4.238      SLICE_X7Y205  kria_bd_i/axi_smc/inst/clk_map/psr_aclk/U0/EXT_LPF/POR_SRL_I/CLK
High Pulse Width  Slow    SRL16E/CLK          n/a            0.762         5.000       4.238      SLICE_X5Y190  kria_bd_i/proc_sys_reset_0/U0/EXT_LPF/POR_SRL_I/CLK
High Pulse Width  Fast    SRL16E/CLK          n/a            0.762         5.000       4.238      SLICE_X5Y190  kria_bd_i/proc_sys_reset_0/U0/EXT_LPF/POR_SRL_I/CLK
High Pulse Width  Slow    FDRE/C              n/a            0.275         5.000       4.725      SLICE_X6Y196  kria_bd_i/axi_intc_0/U0/ip2bus_rdack_int_d1_reg/C
High Pulse Width  Fast    FDRE/C              n/a            0.275         5.000       4.725      SLICE_X6Y196  kria_bd_i/axi_intc_0/U0/ip2bus_rdack_int_d1_reg/C
High Pulse Width  Slow    FDRE/C              n/a            0.275         5.000       4.725      SLICE_X6Y196  kria_bd_i/axi_intc_0/U0/ip2bus_rdack_reg/C
High Pulse Width  Fast    FDRE/C              n/a            0.275         5.000       4.725      SLICE_X6Y196  kria_bd_i/axi_intc_0/U0/ip2bus_rdack_reg/C



--------------------------------------------------------------------------------------
Path Group:  (none)
From Clock:  
  To Clock:  clk_out1_kria_bd_clk_wiz_0_5

Max Delay             1 Endpoint
Min Delay             1 Endpoint
--------------------------------------------------------------------------------------


Max Delay Paths
--------------------------------------------------------------------------------------
Slack:                    inf
  Source:                 kria_bd_i/zynq_ultra_ps_e_0/U0/PS8_i/EMIOGPIOO[95]
                            (internal pin)
  Destination:            kria_bd_i/proc_sys_reset_0/U0/EXT_LPF/ACTIVE_LOW_EXT.ACT_LO_EXT/GENERATE_LEVEL_P_S_CDC.SINGLE_BIT.CROSS_PLEVEL_IN2SCNDRY_IN_cdc_to/D
                            (rising edge-triggered cell FDRE clocked by clk_out1_kria_bd_clk_wiz_0_5  {rise@0.000ns fall@5.000ns period=10.000ns})
  Path Group:             (none)
  Path Type:              Setup (Max at Slow Process Corner)
  Data Path Delay:        1.451ns  (logic 0.226ns (15.579%)  route 1.225ns (84.421%))
  Logic Levels:           1  (LUT1=1)
  Clock Uncertainty:      0.150ns  ((TSJ^2 + DJ^2)^1/2) / 2 + PE
    Total System Jitter     (TSJ):    0.050ns
    Discrete Jitter          (DJ):    0.116ns
    Phase Error              (PE):    0.087ns
  Clock Net Delay (Destination): 1.657ns (routing 0.734ns, distribution 0.923ns)
  Timing Exception:       False Path

    Location             Delay type                Incr(ns)  Path(ns)    Netlist Resource(s)
  -------------------------------------------------------------------    -------------------
    PS8_X0Y0             PS8                          0.000     0.000 f  kria_bd_i/zynq_ultra_ps_e_0/U0/PS8_i/EMIOGPIOO[95]
                         net (fo=2, routed)           0.963     0.963    kria_bd_i/proc_sys_reset_0/U0/EXT_LPF/ACTIVE_LOW_EXT.ACT_LO_EXT/ext_reset_in
    SLICE_X5Y191         LUT1 (Prop_G6LUT_SLICEM_I0_O)
                                                      0.226     1.189 r  kria_bd_i/proc_sys_reset_0/U0/EXT_LPF/ACTIVE_LOW_EXT.ACT_LO_EXT/GENERATE_LEVEL_P_S_CDC.SINGLE_BIT.CROSS_PLEVEL_IN2SCNDRY_IN_cdc_to_i_1/O
                         net (fo=1, routed)           0.262     1.451    kria_bd_i/proc_sys_reset_0/U0/EXT_LPF/ACTIVE_LOW_EXT.ACT_LO_EXT/exr_d1
    SLICE_X6Y191         FDRE                                         r  kria_bd_i/proc_sys_reset_0/U0/EXT_LPF/ACTIVE_LOW_EXT.ACT_LO_EXT/GENERATE_LEVEL_P_S_CDC.SINGLE_BIT.CROSS_PLEVEL_IN2SCNDRY_IN_cdc_to/D
  -------------------------------------------------------------------    -------------------

                         (clock clk_out1_kria_bd_clk_wiz_0_5 rise edge)
                                                      0.000     0.000 r  
    BUFG_PS_X0Y81        BUFG_PS                      0.000     0.000 r  kria_bd_i/zynq_ultra_ps_e_0/U0/buffer_pl_clk_0.PL_CLK_0_BUFG/O
                         net (fo=1, routed)           1.458     1.458    kria_bd_i/clk_wiz_0/inst/clk_in1
    MMCM_X0Y3            MMCME4_ADV (Prop_MMCM_CLKIN1_CLKOUT0)
                                                      0.739     2.197 r  kria_bd_i/clk_wiz_0/inst/mmcme4_adv_inst/CLKOUT0
                         net (fo=1, routed)           0.307     2.504    kria_bd_i/clk_wiz_0/inst/clk_out1_kria_bd_clk_wiz_0_5
    BUFGCE_X0Y76         BUFGCE (Prop_BUFCE_BUFGCE_I_O)
                                                      0.039     2.543 r  kria_bd_i/clk_wiz_0/inst/clkout1_buf/O
    X0Y3 (CLOCK_ROOT)    net (fo=666, routed)         1.657     4.200    kria_bd_i/proc_sys_reset_0/U0/EXT_LPF/ACTIVE_LOW_EXT.ACT_LO_EXT/slowest_sync_clk
    SLICE_X6Y191         FDRE                                         r  kria_bd_i/proc_sys_reset_0/U0/EXT_LPF/ACTIVE_LOW_EXT.ACT_LO_EXT/GENERATE_LEVEL_P_S_CDC.SINGLE_BIT.CROSS_PLEVEL_IN2SCNDRY_IN_cdc_to/C





Min Delay Paths
--------------------------------------------------------------------------------------
Slack:                    inf
  Source:                 kria_bd_i/zynq_ultra_ps_e_0/U0/PS8_i/EMIOGPIOO[95]
                            (internal pin)
  Destination:            kria_bd_i/proc_sys_reset_0/U0/EXT_LPF/ACTIVE_LOW_EXT.ACT_LO_EXT/GENERATE_LEVEL_P_S_CDC.SINGLE_BIT.CROSS_PLEVEL_IN2SCNDRY_IN_cdc_to/D
                            (rising edge-triggered cell FDRE clocked by clk_out1_kria_bd_clk_wiz_0_5  {rise@0.000ns fall@5.000ns period=10.000ns})
  Path Group:             (none)
  Path Type:              Hold (Min at Fast Process Corner)
  Data Path Delay:        0.547ns  (logic 0.104ns (19.015%)  route 0.443ns (80.985%))
  Logic Levels:           1  (LUT1=1)
  Clock Uncertainty:      0.150ns  ((TSJ^2 + DJ^2)^1/2) / 2 + PE
    Total System Jitter     (TSJ):    0.050ns
    Discrete Jitter          (DJ):    0.116ns
    Phase Error              (PE):    0.087ns
  Clock Net Delay (Destination): 1.113ns (routing 0.487ns, distribution 0.626ns)
  Timing Exception:       False Path

    Location             Delay type                Incr(ns)  Path(ns)    Netlist Resource(s)
  -------------------------------------------------------------------    -------------------
    PS8_X0Y0             PS8                          0.000     0.000 f  kria_bd_i/zynq_ultra_ps_e_0/U0/PS8_i/EMIOGPIOO[95]
                         net (fo=2, routed)           0.366     0.366    kria_bd_i/proc_sys_reset_0/U0/EXT_LPF/ACTIVE_LOW_EXT.ACT_LO_EXT/ext_reset_in
    SLICE_X5Y191         LUT1 (Prop_G6LUT_SLICEM_I0_O)
                                                      0.104     0.470 r  kria_bd_i/proc_sys_reset_0/U0/EXT_LPF/ACTIVE_LOW_EXT.ACT_LO_EXT/GENERATE_LEVEL_P_S_CDC.SINGLE_BIT.CROSS_PLEVEL_IN2SCNDRY_IN_cdc_to_i_1/O
                         net (fo=1, routed)           0.077     0.547    kria_bd_i/proc_sys_reset_0/U0/EXT_LPF/ACTIVE_LOW_EXT.ACT_LO_EXT/exr_d1
    SLICE_X6Y191         FDRE                                         r  kria_bd_i/proc_sys_reset_0/U0/EXT_LPF/ACTIVE_LOW_EXT.ACT_LO_EXT/GENERATE_LEVEL_P_S_CDC.SINGLE_BIT.CROSS_PLEVEL_IN2SCNDRY_IN_cdc_to/D
  -------------------------------------------------------------------    -------------------

                         (clock clk_out1_kria_bd_clk_wiz_0_5 rise edge)
                                                      0.000     0.000 r  
    BUFG_PS_X0Y81        BUFG_PS                      0.000     0.000 r  kria_bd_i/zynq_ultra_ps_e_0/U0/buffer_pl_clk_0.PL_CLK_0_BUFG/O
                         net (fo=1, routed)           0.964     0.964    kria_bd_i/clk_wiz_0/inst/clk_in1
    MMCM_X0Y3            MMCME4_ADV (Prop_MMCM_CLKIN1_CLKOUT0)
                                                     -0.079     0.885 r  kria_bd_i/clk_wiz_0/inst/mmcme4_adv_inst/CLKOUT0
                         net (fo=1, routed)           0.204     1.089    kria_bd_i/clk_wiz_0/inst/clk_out1_kria_bd_clk_wiz_0_5
    BUFGCE_X0Y76         BUFGCE (Prop_BUFCE_BUFGCE_I_O)
                                                      0.026     1.115 r  kria_bd_i/clk_wiz_0/inst/clkout1_buf/O
    X0Y3 (CLOCK_ROOT)    net (fo=666, routed)         1.113     2.228    kria_bd_i/proc_sys_reset_0/U0/EXT_LPF/ACTIVE_LOW_EXT.ACT_LO_EXT/slowest_sync_clk
    SLICE_X6Y191         FDRE                                         r  kria_bd_i/proc_sys_reset_0/U0/EXT_LPF/ACTIVE_LOW_EXT.ACT_LO_EXT/GENERATE_LEVEL_P_S_CDC.SINGLE_BIT.CROSS_PLEVEL_IN2SCNDRY_IN_cdc_to/C





--------------------------------------------------------------------------------------
Path Group:  (none)
From Clock:  clk_out1_kria_bd_clk_wiz_0_5
  To Clock:  clk_out1_kria_bd_clk_wiz_0_5

Max Delay            28 Endpoints
Min Delay            28 Endpoints
--------------------------------------------------------------------------------------


Max Delay Paths
--------------------------------------------------------------------------------------
Slack:                    inf
  Source:                 kria_bd_i/proc_sys_reset_0/U0/ACTIVE_LOW_PR_OUT_DFF[0].FDRE_PER_N/C
                            (rising edge-triggered cell FDRE clocked by clk_out1_kria_bd_clk_wiz_0_5  {rise@0.000ns fall@5.000ns period=10.000ns})
  Destination:            kria_bd_i/axi_smc/inst/clk_map/psr_aclk/U0/EXT_LPF/ACTIVE_LOW_AUX.ACT_LO_AUX/GENERATE_LEVEL_P_S_CDC.SINGLE_BIT.CROSS_PLEVEL_IN2SCNDRY_IN_cdc_to/D
                            (rising edge-triggered cell FDRE clocked by clk_out1_kria_bd_clk_wiz_0_5  {rise@0.000ns fall@5.000ns period=10.000ns})
  Path Group:             (none)
  Path Type:              Setup (Max at Slow Process Corner)
  Data Path Delay:        1.156ns  (logic 0.339ns (29.326%)  route 0.817ns (70.674%))
  Logic Levels:           1  (LUT1=1)
  Clock Path Skew:        0.425ns (DCD - SCD + CPR)
    Destination Clock Delay (DCD):    4.195ns
    Source Clock Delay      (SCD):    3.770ns
    Clock Pessimism Removal (CPR):    0.000ns
  Clock Uncertainty:      0.068ns  ((TSJ^2 + DJ^2)^1/2) / 2 + PE
    Total System Jitter     (TSJ):    0.071ns
    Discrete Jitter          (DJ):    0.116ns
    Phase Error              (PE):    0.000ns
  Clock Net Delay (Source):      1.870ns (routing 0.795ns, distribution 1.075ns)
  Clock Net Delay (Destination): 1.652ns (routing 0.734ns, distribution 0.918ns)
  Timing Exception:       False Path

    Location             Delay type                Incr(ns)  Path(ns)    Netlist Resource(s)
  -------------------------------------------------------------------    -------------------
                         (clock clk_out1_kria_bd_clk_wiz_0_5 rise edge)
                                                      0.000     0.000 r  
    BUFG_PS_X0Y81        BUFG_PS                      0.000     0.000 r  kria_bd_i/zynq_ultra_ps_e_0/U0/buffer_pl_clk_0.PL_CLK_0_BUFG/O
                         net (fo=1, routed)           1.611     1.611    kria_bd_i/clk_wiz_0/inst/clk_in1
    MMCM_X0Y3            MMCME4_ADV (Prop_MMCM_CLKIN1_CLKOUT0)
                                                     -0.103     1.508 r  kria_bd_i/clk_wiz_0/inst/mmcme4_adv_inst/CLKOUT0
                         net (fo=1, routed)           0.348     1.856    kria_bd_i/clk_wiz_0/inst/clk_out1_kria_bd_clk_wiz_0_5
    BUFGCE_X0Y76         BUFGCE (Prop_BUFCE_BUFGCE_I_O)
                                                      0.044     1.900 r  kria_bd_i/clk_wiz_0/inst/clkout1_buf/O
    X0Y3 (CLOCK_ROOT)    net (fo=666, routed)         1.870     3.770    kria_bd_i/proc_sys_reset_0/U0/slowest_sync_clk
    SLICE_X5Y191         FDRE                                         r  kria_bd_i/proc_sys_reset_0/U0/ACTIVE_LOW_PR_OUT_DFF[0].FDRE_PER_N/C
  -------------------------------------------------------------------    -------------------
    SLICE_X5Y191         FDRE (Prop_DFF_SLICEM_C_Q)
                                                      0.116     3.886 f  kria_bd_i/proc_sys_reset_0/U0/ACTIVE_LOW_PR_OUT_DFF[0].FDRE_PER_N/Q
                         net (fo=17, routed)          0.282     4.168    kria_bd_i/axi_smc/inst/clk_map/psr_aclk/U0/EXT_LPF/ACTIVE_LOW_AUX.ACT_LO_AUX/aresetn
    SLICE_X5Y196         LUT1 (Prop_C5LUT_SLICEM_I0_O)
                                                      0.223     4.391 r  kria_bd_i/axi_smc/inst/clk_map/psr_aclk/U0/EXT_LPF/ACTIVE_LOW_AUX.ACT_LO_AUX/GENERATE_LEVEL_P_S_CDC.SINGLE_BIT.CROSS_PLEVEL_IN2SCNDRY_IN_cdc_to_i_1/O
                         net (fo=1, routed)           0.535     4.926    kria_bd_i/axi_smc/inst/clk_map/psr_aclk/U0/EXT_LPF/ACTIVE_LOW_AUX.ACT_LO_AUX/asr_d1
    SLICE_X5Y204         FDRE                                         r  kria_bd_i/axi_smc/inst/clk_map/psr_aclk/U0/EXT_LPF/ACTIVE_LOW_AUX.ACT_LO_AUX/GENERATE_LEVEL_P_S_CDC.SINGLE_BIT.CROSS_PLEVEL_IN2SCNDRY_IN_cdc_to/D
  -------------------------------------------------------------------    -------------------

                         (clock clk_out1_kria_bd_clk_wiz_0_5 rise edge)
                                                      0.000     0.000 r  
    BUFG_PS_X0Y81        BUFG_PS                      0.000     0.000 r  kria_bd_i/zynq_ultra_ps_e_0/U0/buffer_pl_clk_0.PL_CLK_0_BUFG/O
                         net (fo=1, routed)           1.458     1.458    kria_bd_i/clk_wiz_0/inst/clk_in1
    MMCM_X0Y3            MMCME4_ADV (Prop_MMCM_CLKIN1_CLKOUT0)
                                                      0.739     2.197 r  kria_bd_i/clk_wiz_0/inst/mmcme4_adv_inst/CLKOUT0
                         net (fo=1, routed)           0.307     2.504    kria_bd_i/clk_wiz_0/inst/clk_out1_kria_bd_clk_wiz_0_5
    BUFGCE_X0Y76         BUFGCE (Prop_BUFCE_BUFGCE_I_O)
                                                      0.039     2.543 r  kria_bd_i/clk_wiz_0/inst/clkout1_buf/O
    X0Y3 (CLOCK_ROOT)    net (fo=666, routed)         1.652     4.195    kria_bd_i/axi_smc/inst/clk_map/psr_aclk/U0/EXT_LPF/ACTIVE_LOW_AUX.ACT_LO_AUX/aclk
    SLICE_X5Y204         FDRE                                         r  kria_bd_i/axi_smc/inst/clk_map/psr_aclk/U0/EXT_LPF/ACTIVE_LOW_AUX.ACT_LO_AUX/GENERATE_LEVEL_P_S_CDC.SINGLE_BIT.CROSS_PLEVEL_IN2SCNDRY_IN_cdc_to/C

Slack:                    inf
  Source:                 kria_bd_i/axi_smc/inst/clk_map/psr_aclk/U0/ACTIVE_LOW_BSR_OUT_DFF[0].FDRE_BSR_N/C
                            (rising edge-triggered cell FDRE clocked by clk_out1_kria_bd_clk_wiz_0_5  {rise@0.000ns fall@5.000ns period=10.000ns})
  Destination:            <hidden>
                            (recovery check against rising-edge clock clk_out1_kria_bd_clk_wiz_0_5  {rise@0.000ns fall@5.000ns period=10.000ns})
  Path Group:             (none)
  Path Type:              Recovery (Max at Slow Process Corner)
  Data Path Delay:        0.915ns  (logic 0.113ns (12.353%)  route 0.802ns (87.647%))
  Logic Levels:           0  
  Clock Path Skew:        0.470ns (DCD - SCD + CPR)
    Destination Clock Delay (DCD):    4.189ns
    Source Clock Delay      (SCD):    3.718ns
    Clock Pessimism Removal (CPR):    0.000ns
  Clock Uncertainty:      0.068ns  ((TSJ^2 + DJ^2)^1/2) / 2 + PE
    Total System Jitter     (TSJ):    0.071ns
    Discrete Jitter          (DJ):    0.116ns
    Phase Error              (PE):    0.000ns
  Clock Net Delay (Source):      1.818ns (routing 0.795ns, distribution 1.023ns)
  Clock Net Delay (Destination): 1.646ns (routing 0.734ns, distribution 0.912ns)
  Timing Exception:       False Path

    Location             Delay type                Incr(ns)  Path(ns)    Netlist Resource(s)
  -------------------------------------------------------------------    -------------------
                         (clock clk_out1_kria_bd_clk_wiz_0_5 rise edge)
                                                      0.000     0.000 r  
    BUFG_PS_X0Y81        BUFG_PS                      0.000     0.000 r  kria_bd_i/zynq_ultra_ps_e_0/U0/buffer_pl_clk_0.PL_CLK_0_BUFG/O
                         net (fo=1, routed)           1.611     1.611    kria_bd_i/clk_wiz_0/inst/clk_in1
    MMCM_X0Y3            MMCME4_ADV (Prop_MMCM_CLKIN1_CLKOUT0)
                                                     -0.103     1.508 r  kria_bd_i/clk_wiz_0/inst/mmcme4_adv_inst/CLKOUT0
                         net (fo=1, routed)           0.348     1.856    kria_bd_i/clk_wiz_0/inst/clk_out1_kria_bd_clk_wiz_0_5
    BUFGCE_X0Y76         BUFGCE (Prop_BUFCE_BUFGCE_I_O)
                                                      0.044     1.900 r  kria_bd_i/clk_wiz_0/inst/clkout1_buf/O
    X0Y3 (CLOCK_ROOT)    net (fo=666, routed)         1.818     3.718    kria_bd_i/axi_smc/inst/clk_map/psr_aclk/U0/aclk
    SLICE_X6Y205         FDRE                                         r  kria_bd_i/axi_smc/inst/clk_map/psr_aclk/U0/ACTIVE_LOW_BSR_OUT_DFF[0].FDRE_BSR_N/C
  -------------------------------------------------------------------    -------------------
    SLICE_X6Y205         FDRE (Prop_HFF_SLICEL_C_Q)
                                                      0.113     3.831 r  kria_bd_i/axi_smc/inst/clk_map/psr_aclk/U0/ACTIVE_LOW_BSR_OUT_DFF[0].FDRE_BSR_N/Q
                         net (fo=27, routed)          0.802     4.633    <hidden>
    SLICE_X3Y196         FDCE                                         f  <hidden>  (IS_INVERTED)
  -------------------------------------------------------------------    -------------------

                         (clock clk_out1_kria_bd_clk_wiz_0_5 rise edge)
                                                      0.000     0.000 r  
    BUFG_PS_X0Y81        BUFG_PS                      0.000     0.000 r  kria_bd_i/zynq_ultra_ps_e_0/U0/buffer_pl_clk_0.PL_CLK_0_BUFG/O
                         net (fo=1, routed)           1.458     1.458    kria_bd_i/clk_wiz_0/inst/clk_in1
    MMCM_X0Y3            MMCME4_ADV (Prop_MMCM_CLKIN1_CLKOUT0)
                                                      0.739     2.197 r  kria_bd_i/clk_wiz_0/inst/mmcme4_adv_inst/CLKOUT0
                         net (fo=1, routed)           0.307     2.504    kria_bd_i/clk_wiz_0/inst/clk_out1_kria_bd_clk_wiz_0_5
    BUFGCE_X0Y76         BUFGCE (Prop_BUFCE_BUFGCE_I_O)
                                                      0.039     2.543 r  kria_bd_i/clk_wiz_0/inst/clkout1_buf/O
    X0Y3 (CLOCK_ROOT)    net (fo=666, routed)         1.646     4.189    <hidden>
    SLICE_X3Y196         FDCE                                         r  <hidden>

Slack:                    inf
  Source:                 kria_bd_i/axi_smc/inst/clk_map/psr_aclk/U0/ACTIVE_LOW_BSR_OUT_DFF[0].FDRE_BSR_N/C
                            (rising edge-triggered cell FDRE clocked by clk_out1_kria_bd_clk_wiz_0_5  {rise@0.000ns fall@5.000ns period=10.000ns})
  Destination:            <hidden>
                            (recovery check against rising-edge clock clk_out1_kria_bd_clk_wiz_0_5  {rise@0.000ns fall@5.000ns period=10.000ns})
  Path Group:             (none)
  Path Type:              Recovery (Max at Slow Process Corner)
  Data Path Delay:        0.915ns  (logic 0.113ns (12.353%)  route 0.802ns (87.647%))
  Logic Levels:           0  
  Clock Path Skew:        0.470ns (DCD - SCD + CPR)
    Destination Clock Delay (DCD):    4.189ns
    Source Clock Delay      (SCD):    3.718ns
    Clock Pessimism Removal (CPR):    0.000ns
  Clock Uncertainty:      0.068ns  ((TSJ^2 + DJ^2)^1/2) / 2 + PE
    Total System Jitter     (TSJ):    0.071ns
    Discrete Jitter          (DJ):    0.116ns
    Phase Error              (PE):    0.000ns
  Clock Net Delay (Source):      1.818ns (routing 0.795ns, distribution 1.023ns)
  Clock Net Delay (Destination): 1.646ns (routing 0.734ns, distribution 0.912ns)
  Timing Exception:       False Path

    Location             Delay type                Incr(ns)  Path(ns)    Netlist Resource(s)
  -------------------------------------------------------------------    -------------------
                         (clock clk_out1_kria_bd_clk_wiz_0_5 rise edge)
                                                      0.000     0.000 r  
    BUFG_PS_X0Y81        BUFG_PS                      0.000     0.000 r  kria_bd_i/zynq_ultra_ps_e_0/U0/buffer_pl_clk_0.PL_CLK_0_BUFG/O
                         net (fo=1, routed)           1.611     1.611    kria_bd_i/clk_wiz_0/inst/clk_in1
    MMCM_X0Y3            MMCME4_ADV (Prop_MMCM_CLKIN1_CLKOUT0)
                                                     -0.103     1.508 r  kria_bd_i/clk_wiz_0/inst/mmcme4_adv_inst/CLKOUT0
                         net (fo=1, routed)           0.348     1.856    kria_bd_i/clk_wiz_0/inst/clk_out1_kria_bd_clk_wiz_0_5
    BUFGCE_X0Y76         BUFGCE (Prop_BUFCE_BUFGCE_I_O)
                                                      0.044     1.900 r  kria_bd_i/clk_wiz_0/inst/clkout1_buf/O
    X0Y3 (CLOCK_ROOT)    net (fo=666, routed)         1.818     3.718    kria_bd_i/axi_smc/inst/clk_map/psr_aclk/U0/aclk
    SLICE_X6Y205         FDRE                                         r  kria_bd_i/axi_smc/inst/clk_map/psr_aclk/U0/ACTIVE_LOW_BSR_OUT_DFF[0].FDRE_BSR_N/C
  -------------------------------------------------------------------    -------------------
    SLICE_X6Y205         FDRE (Prop_HFF_SLICEL_C_Q)
                                                      0.113     3.831 r  kria_bd_i/axi_smc/inst/clk_map/psr_aclk/U0/ACTIVE_LOW_BSR_OUT_DFF[0].FDRE_BSR_N/Q
                         net (fo=27, routed)          0.802     4.633    <hidden>
    SLICE_X3Y196         FDCE                                         f  <hidden>  (IS_INVERTED)
  -------------------------------------------------------------------    -------------------

                         (clock clk_out1_kria_bd_clk_wiz_0_5 rise edge)
                                                      0.000     0.000 r  
    BUFG_PS_X0Y81        BUFG_PS                      0.000     0.000 r  kria_bd_i/zynq_ultra_ps_e_0/U0/buffer_pl_clk_0.PL_CLK_0_BUFG/O
                         net (fo=1, routed)           1.458     1.458    kria_bd_i/clk_wiz_0/inst/clk_in1
    MMCM_X0Y3            MMCME4_ADV (Prop_MMCM_CLKIN1_CLKOUT0)
                                                      0.739     2.197 r  kria_bd_i/clk_wiz_0/inst/mmcme4_adv_inst/CLKOUT0
                         net (fo=1, routed)           0.307     2.504    kria_bd_i/clk_wiz_0/inst/clk_out1_kria_bd_clk_wiz_0_5
    BUFGCE_X0Y76         BUFGCE (Prop_BUFCE_BUFGCE_I_O)
                                                      0.039     2.543 r  kria_bd_i/clk_wiz_0/inst/clkout1_buf/O
    X0Y3 (CLOCK_ROOT)    net (fo=666, routed)         1.646     4.189    <hidden>
    SLICE_X3Y196         FDCE                                         r  <hidden>

Slack:                    inf
  Source:                 kria_bd_i/axi_smc/inst/clk_map/psr_aclk/U0/ACTIVE_LOW_BSR_OUT_DFF[0].FDRE_BSR_N/C
                            (rising edge-triggered cell FDRE clocked by clk_out1_kria_bd_clk_wiz_0_5  {rise@0.000ns fall@5.000ns period=10.000ns})
  Destination:            <hidden>
                            (recovery check against rising-edge clock clk_out1_kria_bd_clk_wiz_0_5  {rise@0.000ns fall@5.000ns period=10.000ns})
  Path Group:             (none)
  Path Type:              Recovery (Max at Slow Process Corner)
  Data Path Delay:        0.915ns  (logic 0.113ns (12.353%)  route 0.802ns (87.647%))
  Logic Levels:           0  
  Clock Path Skew:        0.470ns (DCD - SCD + CPR)
    Destination Clock Delay (DCD):    4.189ns
    Source Clock Delay      (SCD):    3.718ns
    Clock Pessimism Removal (CPR):    0.000ns
  Clock Uncertainty:      0.068ns  ((TSJ^2 + DJ^2)^1/2) / 2 + PE
    Total System Jitter     (TSJ):    0.071ns
    Discrete Jitter          (DJ):    0.116ns
    Phase Error              (PE):    0.000ns
  Clock Net Delay (Source):      1.818ns (routing 0.795ns, distribution 1.023ns)
  Clock Net Delay (Destination): 1.646ns (routing 0.734ns, distribution 0.912ns)
  Timing Exception:       False Path

    Location             Delay type                Incr(ns)  Path(ns)    Netlist Resource(s)
  -------------------------------------------------------------------    -------------------
                         (clock clk_out1_kria_bd_clk_wiz_0_5 rise edge)
                                                      0.000     0.000 r  
    BUFG_PS_X0Y81        BUFG_PS                      0.000     0.000 r  kria_bd_i/zynq_ultra_ps_e_0/U0/buffer_pl_clk_0.PL_CLK_0_BUFG/O
                         net (fo=1, routed)           1.611     1.611    kria_bd_i/clk_wiz_0/inst/clk_in1
    MMCM_X0Y3            MMCME4_ADV (Prop_MMCM_CLKIN1_CLKOUT0)
                                                     -0.103     1.508 r  kria_bd_i/clk_wiz_0/inst/mmcme4_adv_inst/CLKOUT0
                         net (fo=1, routed)           0.348     1.856    kria_bd_i/clk_wiz_0/inst/clk_out1_kria_bd_clk_wiz_0_5
    BUFGCE_X0Y76         BUFGCE (Prop_BUFCE_BUFGCE_I_O)
                                                      0.044     1.900 r  kria_bd_i/clk_wiz_0/inst/clkout1_buf/O
    X0Y3 (CLOCK_ROOT)    net (fo=666, routed)         1.818     3.718    kria_bd_i/axi_smc/inst/clk_map/psr_aclk/U0/aclk
    SLICE_X6Y205         FDRE                                         r  kria_bd_i/axi_smc/inst/clk_map/psr_aclk/U0/ACTIVE_LOW_BSR_OUT_DFF[0].FDRE_BSR_N/C
  -------------------------------------------------------------------    -------------------
    SLICE_X6Y205         FDRE (Prop_HFF_SLICEL_C_Q)
                                                      0.113     3.831 r  kria_bd_i/axi_smc/inst/clk_map/psr_aclk/U0/ACTIVE_LOW_BSR_OUT_DFF[0].FDRE_BSR_N/Q
                         net (fo=27, routed)          0.802     4.633    <hidden>
    SLICE_X3Y196         FDCE                                         f  <hidden>  (IS_INVERTED)
  -------------------------------------------------------------------    -------------------

                         (clock clk_out1_kria_bd_clk_wiz_0_5 rise edge)
                                                      0.000     0.000 r  
    BUFG_PS_X0Y81        BUFG_PS                      0.000     0.000 r  kria_bd_i/zynq_ultra_ps_e_0/U0/buffer_pl_clk_0.PL_CLK_0_BUFG/O
                         net (fo=1, routed)           1.458     1.458    kria_bd_i/clk_wiz_0/inst/clk_in1
    MMCM_X0Y3            MMCME4_ADV (Prop_MMCM_CLKIN1_CLKOUT0)
                                                      0.739     2.197 r  kria_bd_i/clk_wiz_0/inst/mmcme4_adv_inst/CLKOUT0
                         net (fo=1, routed)           0.307     2.504    kria_bd_i/clk_wiz_0/inst/clk_out1_kria_bd_clk_wiz_0_5
    BUFGCE_X0Y76         BUFGCE (Prop_BUFCE_BUFGCE_I_O)
                                                      0.039     2.543 r  kria_bd_i/clk_wiz_0/inst/clkout1_buf/O
    X0Y3 (CLOCK_ROOT)    net (fo=666, routed)         1.646     4.189    <hidden>
    SLICE_X3Y196         FDCE                                         r  <hidden>

Slack:                    inf
  Source:                 kria_bd_i/axi_smc/inst/clk_map/psr_aclk/U0/ACTIVE_LOW_BSR_OUT_DFF[0].FDRE_BSR_N/C
                            (rising edge-triggered cell FDRE clocked by clk_out1_kria_bd_clk_wiz_0_5  {rise@0.000ns fall@5.000ns period=10.000ns})
  Destination:            <hidden>
                            (recovery check against rising-edge clock clk_out1_kria_bd_clk_wiz_0_5  {rise@0.000ns fall@5.000ns period=10.000ns})
  Path Group:             (none)
  Path Type:              Recovery (Max at Slow Process Corner)
  Data Path Delay:        0.866ns  (logic 0.113ns (13.051%)  route 0.753ns (86.949%))
  Logic Levels:           0  
  Clock Path Skew:        0.475ns (DCD - SCD + CPR)
    Destination Clock Delay (DCD):    4.194ns
    Source Clock Delay      (SCD):    3.718ns
    Clock Pessimism Removal (CPR):    0.000ns
  Clock Uncertainty:      0.068ns  ((TSJ^2 + DJ^2)^1/2) / 2 + PE
    Total System Jitter     (TSJ):    0.071ns
    Discrete Jitter          (DJ):    0.116ns
    Phase Error              (PE):    0.000ns
  Clock Net Delay (Source):      1.818ns (routing 0.795ns, distribution 1.023ns)
  Clock Net Delay (Destination): 1.651ns (routing 0.734ns, distribution 0.917ns)
  Timing Exception:       False Path

    Location             Delay type                Incr(ns)  Path(ns)    Netlist Resource(s)
  -------------------------------------------------------------------    -------------------
                         (clock clk_out1_kria_bd_clk_wiz_0_5 rise edge)
                                                      0.000     0.000 r  
    BUFG_PS_X0Y81        BUFG_PS                      0.000     0.000 r  kria_bd_i/zynq_ultra_ps_e_0/U0/buffer_pl_clk_0.PL_CLK_0_BUFG/O
                         net (fo=1, routed)           1.611     1.611    kria_bd_i/clk_wiz_0/inst/clk_in1
    MMCM_X0Y3            MMCME4_ADV (Prop_MMCM_CLKIN1_CLKOUT0)
                                                     -0.103     1.508 r  kria_bd_i/clk_wiz_0/inst/mmcme4_adv_inst/CLKOUT0
                         net (fo=1, routed)           0.348     1.856    kria_bd_i/clk_wiz_0/inst/clk_out1_kria_bd_clk_wiz_0_5
    BUFGCE_X0Y76         BUFGCE (Prop_BUFCE_BUFGCE_I_O)
                                                      0.044     1.900 r  kria_bd_i/clk_wiz_0/inst/clkout1_buf/O
    X0Y3 (CLOCK_ROOT)    net (fo=666, routed)         1.818     3.718    kria_bd_i/axi_smc/inst/clk_map/psr_aclk/U0/aclk
    SLICE_X6Y205         FDRE                                         r  kria_bd_i/axi_smc/inst/clk_map/psr_aclk/U0/ACTIVE_LOW_BSR_OUT_DFF[0].FDRE_BSR_N/C
  -------------------------------------------------------------------    -------------------
    SLICE_X6Y205         FDRE (Prop_HFF_SLICEL_C_Q)
                                                      0.113     3.831 r  kria_bd_i/axi_smc/inst/clk_map/psr_aclk/U0/ACTIVE_LOW_BSR_OUT_DFF[0].FDRE_BSR_N/Q
                         net (fo=27, routed)          0.753     4.584    <hidden>
    SLICE_X2Y200         FDCE                                         f  <hidden>  (IS_INVERTED)
  -------------------------------------------------------------------    -------------------

                         (clock clk_out1_kria_bd_clk_wiz_0_5 rise edge)
                                                      0.000     0.000 r  
    BUFG_PS_X0Y81        BUFG_PS                      0.000     0.000 r  kria_bd_i/zynq_ultra_ps_e_0/U0/buffer_pl_clk_0.PL_CLK_0_BUFG/O
                         net (fo=1, routed)           1.458     1.458    kria_bd_i/clk_wiz_0/inst/clk_in1
    MMCM_X0Y3            MMCME4_ADV (Prop_MMCM_CLKIN1_CLKOUT0)
                                                      0.739     2.197 r  kria_bd_i/clk_wiz_0/inst/mmcme4_adv_inst/CLKOUT0
                         net (fo=1, routed)           0.307     2.504    kria_bd_i/clk_wiz_0/inst/clk_out1_kria_bd_clk_wiz_0_5
    BUFGCE_X0Y76         BUFGCE (Prop_BUFCE_BUFGCE_I_O)
                                                      0.039     2.543 r  kria_bd_i/clk_wiz_0/inst/clkout1_buf/O
    X0Y3 (CLOCK_ROOT)    net (fo=666, routed)         1.651     4.194    <hidden>
    SLICE_X2Y200         FDCE                                         r  <hidden>

Slack:                    inf
  Source:                 kria_bd_i/axi_smc/inst/clk_map/psr_aclk/U0/ACTIVE_LOW_BSR_OUT_DFF[0].FDRE_BSR_N/C
                            (rising edge-triggered cell FDRE clocked by clk_out1_kria_bd_clk_wiz_0_5  {rise@0.000ns fall@5.000ns period=10.000ns})
  Destination:            <hidden>
                            (recovery check against rising-edge clock clk_out1_kria_bd_clk_wiz_0_5  {rise@0.000ns fall@5.000ns period=10.000ns})
  Path Group:             (none)
  Path Type:              Recovery (Max at Slow Process Corner)
  Data Path Delay:        0.866ns  (logic 0.113ns (13.051%)  route 0.753ns (86.949%))
  Logic Levels:           0  
  Clock Path Skew:        0.475ns (DCD - SCD + CPR)
    Destination Clock Delay (DCD):    4.194ns
    Source Clock Delay      (SCD):    3.718ns
    Clock Pessimism Removal (CPR):    0.000ns
  Clock Uncertainty:      0.068ns  ((TSJ^2 + DJ^2)^1/2) / 2 + PE
    Total System Jitter     (TSJ):    0.071ns
    Discrete Jitter          (DJ):    0.116ns
    Phase Error              (PE):    0.000ns
  Clock Net Delay (Source):      1.818ns (routing 0.795ns, distribution 1.023ns)
  Clock Net Delay (Destination): 1.651ns (routing 0.734ns, distribution 0.917ns)
  Timing Exception:       False Path

    Location             Delay type                Incr(ns)  Path(ns)    Netlist Resource(s)
  -------------------------------------------------------------------    -------------------
                         (clock clk_out1_kria_bd_clk_wiz_0_5 rise edge)
                                                      0.000     0.000 r  
    BUFG_PS_X0Y81        BUFG_PS                      0.000     0.000 r  kria_bd_i/zynq_ultra_ps_e_0/U0/buffer_pl_clk_0.PL_CLK_0_BUFG/O
                         net (fo=1, routed)           1.611     1.611    kria_bd_i/clk_wiz_0/inst/clk_in1
    MMCM_X0Y3            MMCME4_ADV (Prop_MMCM_CLKIN1_CLKOUT0)
                                                     -0.103     1.508 r  kria_bd_i/clk_wiz_0/inst/mmcme4_adv_inst/CLKOUT0
                         net (fo=1, routed)           0.348     1.856    kria_bd_i/clk_wiz_0/inst/clk_out1_kria_bd_clk_wiz_0_5
    BUFGCE_X0Y76         BUFGCE (Prop_BUFCE_BUFGCE_I_O)
                                                      0.044     1.900 r  kria_bd_i/clk_wiz_0/inst/clkout1_buf/O
    X0Y3 (CLOCK_ROOT)    net (fo=666, routed)         1.818     3.718    kria_bd_i/axi_smc/inst/clk_map/psr_aclk/U0/aclk
    SLICE_X6Y205         FDRE                                         r  kria_bd_i/axi_smc/inst/clk_map/psr_aclk/U0/ACTIVE_LOW_BSR_OUT_DFF[0].FDRE_BSR_N/C
  -------------------------------------------------------------------    -------------------
    SLICE_X6Y205         FDRE (Prop_HFF_SLICEL_C_Q)
                                                      0.113     3.831 r  kria_bd_i/axi_smc/inst/clk_map/psr_aclk/U0/ACTIVE_LOW_BSR_OUT_DFF[0].FDRE_BSR_N/Q
                         net (fo=27, routed)          0.753     4.584    <hidden>
    SLICE_X2Y200         FDCE                                         f  <hidden>  (IS_INVERTED)
  -------------------------------------------------------------------    -------------------

                         (clock clk_out1_kria_bd_clk_wiz_0_5 rise edge)
                                                      0.000     0.000 r  
    BUFG_PS_X0Y81        BUFG_PS                      0.000     0.000 r  kria_bd_i/zynq_ultra_ps_e_0/U0/buffer_pl_clk_0.PL_CLK_0_BUFG/O
                         net (fo=1, routed)           1.458     1.458    kria_bd_i/clk_wiz_0/inst/clk_in1
    MMCM_X0Y3            MMCME4_ADV (Prop_MMCM_CLKIN1_CLKOUT0)
                                                      0.739     2.197 r  kria_bd_i/clk_wiz_0/inst/mmcme4_adv_inst/CLKOUT0
                         net (fo=1, routed)           0.307     2.504    kria_bd_i/clk_wiz_0/inst/clk_out1_kria_bd_clk_wiz_0_5
    BUFGCE_X0Y76         BUFGCE (Prop_BUFCE_BUFGCE_I_O)
                                                      0.039     2.543 r  kria_bd_i/clk_wiz_0/inst/clkout1_buf/O
    X0Y3 (CLOCK_ROOT)    net (fo=666, routed)         1.651     4.194    <hidden>
    SLICE_X2Y200         FDCE                                         r  <hidden>

Slack:                    inf
  Source:                 kria_bd_i/axi_smc/inst/clk_map/psr_aclk/U0/ACTIVE_LOW_BSR_OUT_DFF[0].FDRE_BSR_N/C
                            (rising edge-triggered cell FDRE clocked by clk_out1_kria_bd_clk_wiz_0_5  {rise@0.000ns fall@5.000ns period=10.000ns})
  Destination:            <hidden>
                            (recovery check against rising-edge clock clk_out1_kria_bd_clk_wiz_0_5  {rise@0.000ns fall@5.000ns period=10.000ns})
  Path Group:             (none)
  Path Type:              Recovery (Max at Slow Process Corner)
  Data Path Delay:        0.866ns  (logic 0.113ns (13.051%)  route 0.753ns (86.949%))
  Logic Levels:           0  
  Clock Path Skew:        0.475ns (DCD - SCD + CPR)
    Destination Clock Delay (DCD):    4.194ns
    Source Clock Delay      (SCD):    3.718ns
    Clock Pessimism Removal (CPR):    0.000ns
  Clock Uncertainty:      0.068ns  ((TSJ^2 + DJ^2)^1/2) / 2 + PE
    Total System Jitter     (TSJ):    0.071ns
    Discrete Jitter          (DJ):    0.116ns
    Phase Error              (PE):    0.000ns
  Clock Net Delay (Source):      1.818ns (routing 0.795ns, distribution 1.023ns)
  Clock Net Delay (Destination): 1.651ns (routing 0.734ns, distribution 0.917ns)
  Timing Exception:       False Path

    Location             Delay type                Incr(ns)  Path(ns)    Netlist Resource(s)
  -------------------------------------------------------------------    -------------------
                         (clock clk_out1_kria_bd_clk_wiz_0_5 rise edge)
                                                      0.000     0.000 r  
    BUFG_PS_X0Y81        BUFG_PS                      0.000     0.000 r  kria_bd_i/zynq_ultra_ps_e_0/U0/buffer_pl_clk_0.PL_CLK_0_BUFG/O
                         net (fo=1, routed)           1.611     1.611    kria_bd_i/clk_wiz_0/inst/clk_in1
    MMCM_X0Y3            MMCME4_ADV (Prop_MMCM_CLKIN1_CLKOUT0)
                                                     -0.103     1.508 r  kria_bd_i/clk_wiz_0/inst/mmcme4_adv_inst/CLKOUT0
                         net (fo=1, routed)           0.348     1.856    kria_bd_i/clk_wiz_0/inst/clk_out1_kria_bd_clk_wiz_0_5
    BUFGCE_X0Y76         BUFGCE (Prop_BUFCE_BUFGCE_I_O)
                                                      0.044     1.900 r  kria_bd_i/clk_wiz_0/inst/clkout1_buf/O
    X0Y3 (CLOCK_ROOT)    net (fo=666, routed)         1.818     3.718    kria_bd_i/axi_smc/inst/clk_map/psr_aclk/U0/aclk
    SLICE_X6Y205         FDRE                                         r  kria_bd_i/axi_smc/inst/clk_map/psr_aclk/U0/ACTIVE_LOW_BSR_OUT_DFF[0].FDRE_BSR_N/C
  -------------------------------------------------------------------    -------------------
    SLICE_X6Y205         FDRE (Prop_HFF_SLICEL_C_Q)
                                                      0.113     3.831 r  kria_bd_i/axi_smc/inst/clk_map/psr_aclk/U0/ACTIVE_LOW_BSR_OUT_DFF[0].FDRE_BSR_N/Q
                         net (fo=27, routed)          0.753     4.584    <hidden>
    SLICE_X2Y200         FDCE                                         f  <hidden>  (IS_INVERTED)
  -------------------------------------------------------------------    -------------------

                         (clock clk_out1_kria_bd_clk_wiz_0_5 rise edge)
                                                      0.000     0.000 r  
    BUFG_PS_X0Y81        BUFG_PS                      0.000     0.000 r  kria_bd_i/zynq_ultra_ps_e_0/U0/buffer_pl_clk_0.PL_CLK_0_BUFG/O
                         net (fo=1, routed)           1.458     1.458    kria_bd_i/clk_wiz_0/inst/clk_in1
    MMCM_X0Y3            MMCME4_ADV (Prop_MMCM_CLKIN1_CLKOUT0)
                                                      0.739     2.197 r  kria_bd_i/clk_wiz_0/inst/mmcme4_adv_inst/CLKOUT0
                         net (fo=1, routed)           0.307     2.504    kria_bd_i/clk_wiz_0/inst/clk_out1_kria_bd_clk_wiz_0_5
    BUFGCE_X0Y76         BUFGCE (Prop_BUFCE_BUFGCE_I_O)
                                                      0.039     2.543 r  kria_bd_i/clk_wiz_0/inst/clkout1_buf/O
    X0Y3 (CLOCK_ROOT)    net (fo=666, routed)         1.651     4.194    <hidden>
    SLICE_X2Y200         FDCE                                         r  <hidden>

Slack:                    inf
  Source:                 kria_bd_i/axi_smc/inst/clk_map/psr_aclk/U0/ACTIVE_LOW_BSR_OUT_DFF[0].FDRE_BSR_N/C
                            (rising edge-triggered cell FDRE clocked by clk_out1_kria_bd_clk_wiz_0_5  {rise@0.000ns fall@5.000ns period=10.000ns})
  Destination:            <hidden>
                            (recovery check against rising-edge clock clk_out1_kria_bd_clk_wiz_0_5  {rise@0.000ns fall@5.000ns period=10.000ns})
  Path Group:             (none)
  Path Type:              Recovery (Max at Slow Process Corner)
  Data Path Delay:        0.851ns  (logic 0.113ns (13.281%)  route 0.738ns (86.719%))
  Logic Levels:           0  
  Clock Path Skew:        0.469ns (DCD - SCD + CPR)
    Destination Clock Delay (DCD):    4.188ns
    Source Clock Delay      (SCD):    3.718ns
    Clock Pessimism Removal (CPR):    0.000ns
  Clock Uncertainty:      0.068ns  ((TSJ^2 + DJ^2)^1/2) / 2 + PE
    Total System Jitter     (TSJ):    0.071ns
    Discrete Jitter          (DJ):    0.116ns
    Phase Error              (PE):    0.000ns
  Clock Net Delay (Source):      1.818ns (routing 0.795ns, distribution 1.023ns)
  Clock Net Delay (Destination): 1.645ns (routing 0.734ns, distribution 0.911ns)
  Timing Exception:       False Path

    Location             Delay type                Incr(ns)  Path(ns)    Netlist Resource(s)
  -------------------------------------------------------------------    -------------------
                         (clock clk_out1_kria_bd_clk_wiz_0_5 rise edge)
                                                      0.000     0.000 r  
    BUFG_PS_X0Y81        BUFG_PS                      0.000     0.000 r  kria_bd_i/zynq_ultra_ps_e_0/U0/buffer_pl_clk_0.PL_CLK_0_BUFG/O
                         net (fo=1, routed)           1.611     1.611    kria_bd_i/clk_wiz_0/inst/clk_in1
    MMCM_X0Y3            MMCME4_ADV (Prop_MMCM_CLKIN1_CLKOUT0)
                                                     -0.103     1.508 r  kria_bd_i/clk_wiz_0/inst/mmcme4_adv_inst/CLKOUT0
                         net (fo=1, routed)           0.348     1.856    kria_bd_i/clk_wiz_0/inst/clk_out1_kria_bd_clk_wiz_0_5
    BUFGCE_X0Y76         BUFGCE (Prop_BUFCE_BUFGCE_I_O)
                                                      0.044     1.900 r  kria_bd_i/clk_wiz_0/inst/clkout1_buf/O
    X0Y3 (CLOCK_ROOT)    net (fo=666, routed)         1.818     3.718    kria_bd_i/axi_smc/inst/clk_map/psr_aclk/U0/aclk
    SLICE_X6Y205         FDRE                                         r  kria_bd_i/axi_smc/inst/clk_map/psr_aclk/U0/ACTIVE_LOW_BSR_OUT_DFF[0].FDRE_BSR_N/C
  -------------------------------------------------------------------    -------------------
    SLICE_X6Y205         FDRE (Prop_HFF_SLICEL_C_Q)
                                                      0.113     3.831 r  kria_bd_i/axi_smc/inst/clk_map/psr_aclk/U0/ACTIVE_LOW_BSR_OUT_DFF[0].FDRE_BSR_N/Q
                         net (fo=27, routed)          0.738     4.569    <hidden>
    SLICE_X3Y200         FDCE                                         f  <hidden>  (IS_INVERTED)
  -------------------------------------------------------------------    -------------------

                         (clock clk_out1_kria_bd_clk_wiz_0_5 rise edge)
                                                      0.000     0.000 r  
    BUFG_PS_X0Y81        BUFG_PS                      0.000     0.000 r  kria_bd_i/zynq_ultra_ps_e_0/U0/buffer_pl_clk_0.PL_CLK_0_BUFG/O
                         net (fo=1, routed)           1.458     1.458    kria_bd_i/clk_wiz_0/inst/clk_in1
    MMCM_X0Y3            MMCME4_ADV (Prop_MMCM_CLKIN1_CLKOUT0)
                                                      0.739     2.197 r  kria_bd_i/clk_wiz_0/inst/mmcme4_adv_inst/CLKOUT0
                         net (fo=1, routed)           0.307     2.504    kria_bd_i/clk_wiz_0/inst/clk_out1_kria_bd_clk_wiz_0_5
    BUFGCE_X0Y76         BUFGCE (Prop_BUFCE_BUFGCE_I_O)
                                                      0.039     2.543 r  kria_bd_i/clk_wiz_0/inst/clkout1_buf/O
    X0Y3 (CLOCK_ROOT)    net (fo=666, routed)         1.645     4.188    <hidden>
    SLICE_X3Y200         FDCE                                         r  <hidden>

Slack:                    inf
  Source:                 kria_bd_i/axi_smc/inst/clk_map/psr_aclk/U0/ACTIVE_LOW_BSR_OUT_DFF[0].FDRE_BSR_N/C
                            (rising edge-triggered cell FDRE clocked by clk_out1_kria_bd_clk_wiz_0_5  {rise@0.000ns fall@5.000ns period=10.000ns})
  Destination:            <hidden>
                            (recovery check against rising-edge clock clk_out1_kria_bd_clk_wiz_0_5  {rise@0.000ns fall@5.000ns period=10.000ns})
  Path Group:             (none)
  Path Type:              Recovery (Max at Slow Process Corner)
  Data Path Delay:        0.851ns  (logic 0.113ns (13.281%)  route 0.738ns (86.719%))
  Logic Levels:           0  
  Clock Path Skew:        0.469ns (DCD - SCD + CPR)
    Destination Clock Delay (DCD):    4.188ns
    Source Clock Delay      (SCD):    3.718ns
    Clock Pessimism Removal (CPR):    0.000ns
  Clock Uncertainty:      0.068ns  ((TSJ^2 + DJ^2)^1/2) / 2 + PE
    Total System Jitter     (TSJ):    0.071ns
    Discrete Jitter          (DJ):    0.116ns
    Phase Error              (PE):    0.000ns
  Clock Net Delay (Source):      1.818ns (routing 0.795ns, distribution 1.023ns)
  Clock Net Delay (Destination): 1.645ns (routing 0.734ns, distribution 0.911ns)
  Timing Exception:       False Path

    Location             Delay type                Incr(ns)  Path(ns)    Netlist Resource(s)
  -------------------------------------------------------------------    -------------------
                         (clock clk_out1_kria_bd_clk_wiz_0_5 rise edge)
                                                      0.000     0.000 r  
    BUFG_PS_X0Y81        BUFG_PS                      0.000     0.000 r  kria_bd_i/zynq_ultra_ps_e_0/U0/buffer_pl_clk_0.PL_CLK_0_BUFG/O
                         net (fo=1, routed)           1.611     1.611    kria_bd_i/clk_wiz_0/inst/clk_in1
    MMCM_X0Y3            MMCME4_ADV (Prop_MMCM_CLKIN1_CLKOUT0)
                                                     -0.103     1.508 r  kria_bd_i/clk_wiz_0/inst/mmcme4_adv_inst/CLKOUT0
                         net (fo=1, routed)           0.348     1.856    kria_bd_i/clk_wiz_0/inst/clk_out1_kria_bd_clk_wiz_0_5
    BUFGCE_X0Y76         BUFGCE (Prop_BUFCE_BUFGCE_I_O)
                                                      0.044     1.900 r  kria_bd_i/clk_wiz_0/inst/clkout1_buf/O
    X0Y3 (CLOCK_ROOT)    net (fo=666, routed)         1.818     3.718    kria_bd_i/axi_smc/inst/clk_map/psr_aclk/U0/aclk
    SLICE_X6Y205         FDRE                                         r  kria_bd_i/axi_smc/inst/clk_map/psr_aclk/U0/ACTIVE_LOW_BSR_OUT_DFF[0].FDRE_BSR_N/C
  -------------------------------------------------------------------    -------------------
    SLICE_X6Y205         FDRE (Prop_HFF_SLICEL_C_Q)
                                                      0.113     3.831 r  kria_bd_i/axi_smc/inst/clk_map/psr_aclk/U0/ACTIVE_LOW_BSR_OUT_DFF[0].FDRE_BSR_N/Q
                         net (fo=27, routed)          0.738     4.569    <hidden>
    SLICE_X3Y200         FDCE                                         f  <hidden>  (IS_INVERTED)
  -------------------------------------------------------------------    -------------------

                         (clock clk_out1_kria_bd_clk_wiz_0_5 rise edge)
                                                      0.000     0.000 r  
    BUFG_PS_X0Y81        BUFG_PS                      0.000     0.000 r  kria_bd_i/zynq_ultra_ps_e_0/U0/buffer_pl_clk_0.PL_CLK_0_BUFG/O
                         net (fo=1, routed)           1.458     1.458    kria_bd_i/clk_wiz_0/inst/clk_in1
    MMCM_X0Y3            MMCME4_ADV (Prop_MMCM_CLKIN1_CLKOUT0)
                                                      0.739     2.197 r  kria_bd_i/clk_wiz_0/inst/mmcme4_adv_inst/CLKOUT0
                         net (fo=1, routed)           0.307     2.504    kria_bd_i/clk_wiz_0/inst/clk_out1_kria_bd_clk_wiz_0_5
    BUFGCE_X0Y76         BUFGCE (Prop_BUFCE_BUFGCE_I_O)
                                                      0.039     2.543 r  kria_bd_i/clk_wiz_0/inst/clkout1_buf/O
    X0Y3 (CLOCK_ROOT)    net (fo=666, routed)         1.645     4.188    <hidden>
    SLICE_X3Y200         FDCE                                         r  <hidden>

Slack:                    inf
  Source:                 kria_bd_i/axi_smc/inst/clk_map/psr_aclk/U0/ACTIVE_LOW_BSR_OUT_DFF[0].FDRE_BSR_N/C
                            (rising edge-triggered cell FDRE clocked by clk_out1_kria_bd_clk_wiz_0_5  {rise@0.000ns fall@5.000ns period=10.000ns})
  Destination:            <hidden>
                            (recovery check against rising-edge clock clk_out1_kria_bd_clk_wiz_0_5  {rise@0.000ns fall@5.000ns period=10.000ns})
  Path Group:             (none)
  Path Type:              Recovery (Max at Slow Process Corner)
  Data Path Delay:        0.851ns  (logic 0.113ns (13.281%)  route 0.738ns (86.719%))
  Logic Levels:           0  
  Clock Path Skew:        0.469ns (DCD - SCD + CPR)
    Destination Clock Delay (DCD):    4.188ns
    Source Clock Delay      (SCD):    3.718ns
    Clock Pessimism Removal (CPR):    0.000ns
  Clock Uncertainty:      0.068ns  ((TSJ^2 + DJ^2)^1/2) / 2 + PE
    Total System Jitter     (TSJ):    0.071ns
    Discrete Jitter          (DJ):    0.116ns
    Phase Error              (PE):    0.000ns
  Clock Net Delay (Source):      1.818ns (routing 0.795ns, distribution 1.023ns)
  Clock Net Delay (Destination): 1.645ns (routing 0.734ns, distribution 0.911ns)
  Timing Exception:       False Path

    Location             Delay type                Incr(ns)  Path(ns)    Netlist Resource(s)
  -------------------------------------------------------------------    -------------------
                         (clock clk_out1_kria_bd_clk_wiz_0_5 rise edge)
                                                      0.000     0.000 r  
    BUFG_PS_X0Y81        BUFG_PS                      0.000     0.000 r  kria_bd_i/zynq_ultra_ps_e_0/U0/buffer_pl_clk_0.PL_CLK_0_BUFG/O
                         net (fo=1, routed)           1.611     1.611    kria_bd_i/clk_wiz_0/inst/clk_in1
    MMCM_X0Y3            MMCME4_ADV (Prop_MMCM_CLKIN1_CLKOUT0)
                                                     -0.103     1.508 r  kria_bd_i/clk_wiz_0/inst/mmcme4_adv_inst/CLKOUT0
                         net (fo=1, routed)           0.348     1.856    kria_bd_i/clk_wiz_0/inst/clk_out1_kria_bd_clk_wiz_0_5
    BUFGCE_X0Y76         BUFGCE (Prop_BUFCE_BUFGCE_I_O)
                                                      0.044     1.900 r  kria_bd_i/clk_wiz_0/inst/clkout1_buf/O
    X0Y3 (CLOCK_ROOT)    net (fo=666, routed)         1.818     3.718    kria_bd_i/axi_smc/inst/clk_map/psr_aclk/U0/aclk
    SLICE_X6Y205         FDRE                                         r  kria_bd_i/axi_smc/inst/clk_map/psr_aclk/U0/ACTIVE_LOW_BSR_OUT_DFF[0].FDRE_BSR_N/C
  -------------------------------------------------------------------    -------------------
    SLICE_X6Y205         FDRE (Prop_HFF_SLICEL_C_Q)
                                                      0.113     3.831 r  kria_bd_i/axi_smc/inst/clk_map/psr_aclk/U0/ACTIVE_LOW_BSR_OUT_DFF[0].FDRE_BSR_N/Q
                         net (fo=27, routed)          0.738     4.569    <hidden>
    SLICE_X3Y200         FDCE                                         f  <hidden>  (IS_INVERTED)
  -------------------------------------------------------------------    -------------------

                         (clock clk_out1_kria_bd_clk_wiz_0_5 rise edge)
                                                      0.000     0.000 r  
    BUFG_PS_X0Y81        BUFG_PS                      0.000     0.000 r  kria_bd_i/zynq_ultra_ps_e_0/U0/buffer_pl_clk_0.PL_CLK_0_BUFG/O
                         net (fo=1, routed)           1.458     1.458    kria_bd_i/clk_wiz_0/inst/clk_in1
    MMCM_X0Y3            MMCME4_ADV (Prop_MMCM_CLKIN1_CLKOUT0)
                                                      0.739     2.197 r  kria_bd_i/clk_wiz_0/inst/mmcme4_adv_inst/CLKOUT0
                         net (fo=1, routed)           0.307     2.504    kria_bd_i/clk_wiz_0/inst/clk_out1_kria_bd_clk_wiz_0_5
    BUFGCE_X0Y76         BUFGCE (Prop_BUFCE_BUFGCE_I_O)
                                                      0.039     2.543 r  kria_bd_i/clk_wiz_0/inst/clkout1_buf/O
    X0Y3 (CLOCK_ROOT)    net (fo=666, routed)         1.645     4.188    <hidden>
    SLICE_X3Y200         FDCE                                         r  <hidden>





Min Delay Paths
--------------------------------------------------------------------------------------
Slack:                    inf
  Source:                 kria_bd_i/axi_smc/inst/clk_map/psr_aclk/U0/ACTIVE_LOW_BSR_OUT_DFF[0].FDRE_BSR_N/C
                            (rising edge-triggered cell FDRE clocked by clk_out1_kria_bd_clk_wiz_0_5  {rise@0.000ns fall@5.000ns period=10.000ns})
  Destination:            <hidden>
                            (removal check against rising-edge clock clk_out1_kria_bd_clk_wiz_0_5  {rise@0.000ns fall@5.000ns period=10.000ns})
  Path Group:             (none)
  Path Type:              Removal (Min at Fast Process Corner)
  Data Path Delay:        0.182ns  (logic 0.084ns (46.169%)  route 0.098ns (53.831%))
  Logic Levels:           0  
  Clock Path Skew:        -0.444ns (DCD - SCD - CPR)
    Destination Clock Delay (DCD):    2.210ns
    Source Clock Delay      (SCD):    2.654ns
    Clock Pessimism Removal (CPR):    -0.000ns
  Clock Uncertainty:      0.068ns  ((TSJ^2 + DJ^2)^1/2) / 2 + PE
    Total System Jitter     (TSJ):    0.071ns
    Discrete Jitter          (DJ):    0.116ns
    Phase Error              (PE):    0.000ns
  Clock Net Delay (Source):      1.003ns (routing 0.451ns, distribution 0.552ns)
  Clock Net Delay (Destination): 1.095ns (routing 0.487ns, distribution 0.608ns)
  Timing Exception:       False Path

    Location             Delay type                Incr(ns)  Path(ns)    Netlist Resource(s)
  -------------------------------------------------------------------    -------------------
                         (clock clk_out1_kria_bd_clk_wiz_0_5 rise edge)
                                                      0.000     0.000 r  
    BUFG_PS_X0Y81        BUFG_PS                      0.000     0.000 r  kria_bd_i/zynq_ultra_ps_e_0/U0/buffer_pl_clk_0.PL_CLK_0_BUFG/O
                         net (fo=1, routed)           0.883     0.883    kria_bd_i/clk_wiz_0/inst/clk_in1
    MMCM_X0Y3            MMCME4_ADV (Prop_MMCM_CLKIN1_CLKOUT0)
                                                      0.566     1.449 r  kria_bd_i/clk_wiz_0/inst/mmcme4_adv_inst/CLKOUT0
                         net (fo=1, routed)           0.179     1.628    kria_bd_i/clk_wiz_0/inst/clk_out1_kria_bd_clk_wiz_0_5
    BUFGCE_X0Y76         BUFGCE (Prop_BUFCE_BUFGCE_I_O)
                                                      0.023     1.651 r  kria_bd_i/clk_wiz_0/inst/clkout1_buf/O
    X0Y3 (CLOCK_ROOT)    net (fo=666, routed)         1.003     2.654    kria_bd_i/axi_smc/inst/clk_map/psr_aclk/U0/aclk
    SLICE_X6Y205         FDRE                                         r  kria_bd_i/axi_smc/inst/clk_map/psr_aclk/U0/ACTIVE_LOW_BSR_OUT_DFF[0].FDRE_BSR_N/C
  -------------------------------------------------------------------    -------------------
    SLICE_X6Y205         FDRE (Prop_HFF_SLICEL_C_Q)
                                                      0.084     2.738 r  kria_bd_i/axi_smc/inst/clk_map/psr_aclk/U0/ACTIVE_LOW_BSR_OUT_DFF[0].FDRE_BSR_N/Q
                         net (fo=27, routed)          0.098     2.835    <hidden>
    SLICE_X5Y203         FDCE                                         f  <hidden>  (IS_INVERTED)
  -------------------------------------------------------------------    -------------------

                         (clock clk_out1_kria_bd_clk_wiz_0_5 rise edge)
                                                      0.000     0.000 r  
    BUFG_PS_X0Y81        BUFG_PS                      0.000     0.000 r  kria_bd_i/zynq_ultra_ps_e_0/U0/buffer_pl_clk_0.PL_CLK_0_BUFG/O
                         net (fo=1, routed)           0.964     0.964    kria_bd_i/clk_wiz_0/inst/clk_in1
    MMCM_X0Y3            MMCME4_ADV (Prop_MMCM_CLKIN1_CLKOUT0)
                                                     -0.079     0.885 r  kria_bd_i/clk_wiz_0/inst/mmcme4_adv_inst/CLKOUT0
                         net (fo=1, routed)           0.204     1.089    kria_bd_i/clk_wiz_0/inst/clk_out1_kria_bd_clk_wiz_0_5
    BUFGCE_X0Y76         BUFGCE (Prop_BUFCE_BUFGCE_I_O)
                                                      0.026     1.115 r  kria_bd_i/clk_wiz_0/inst/clkout1_buf/O
    X0Y3 (CLOCK_ROOT)    net (fo=666, routed)         1.095     2.210    <hidden>
    SLICE_X5Y203         FDCE                                         r  <hidden>

Slack:                    inf
  Source:                 kria_bd_i/axi_smc/inst/clk_map/psr_aclk/U0/ACTIVE_LOW_BSR_OUT_DFF[0].FDRE_BSR_N/C
                            (rising edge-triggered cell FDRE clocked by clk_out1_kria_bd_clk_wiz_0_5  {rise@0.000ns fall@5.000ns period=10.000ns})
  Destination:            <hidden>
                            (removal check against rising-edge clock clk_out1_kria_bd_clk_wiz_0_5  {rise@0.000ns fall@5.000ns period=10.000ns})
  Path Group:             (none)
  Path Type:              Removal (Min at Fast Process Corner)
  Data Path Delay:        0.182ns  (logic 0.084ns (46.169%)  route 0.098ns (53.831%))
  Logic Levels:           0  
  Clock Path Skew:        -0.444ns (DCD - SCD - CPR)
    Destination Clock Delay (DCD):    2.210ns
    Source Clock Delay      (SCD):    2.654ns
    Clock Pessimism Removal (CPR):    -0.000ns
  Clock Uncertainty:      0.068ns  ((TSJ^2 + DJ^2)^1/2) / 2 + PE
    Total System Jitter     (TSJ):    0.071ns
    Discrete Jitter          (DJ):    0.116ns
    Phase Error              (PE):    0.000ns
  Clock Net Delay (Source):      1.003ns (routing 0.451ns, distribution 0.552ns)
  Clock Net Delay (Destination): 1.095ns (routing 0.487ns, distribution 0.608ns)
  Timing Exception:       False Path

    Location             Delay type                Incr(ns)  Path(ns)    Netlist Resource(s)
  -------------------------------------------------------------------    -------------------
                         (clock clk_out1_kria_bd_clk_wiz_0_5 rise edge)
                                                      0.000     0.000 r  
    BUFG_PS_X0Y81        BUFG_PS                      0.000     0.000 r  kria_bd_i/zynq_ultra_ps_e_0/U0/buffer_pl_clk_0.PL_CLK_0_BUFG/O
                         net (fo=1, routed)           0.883     0.883    kria_bd_i/clk_wiz_0/inst/clk_in1
    MMCM_X0Y3            MMCME4_ADV (Prop_MMCM_CLKIN1_CLKOUT0)
                                                      0.566     1.449 r  kria_bd_i/clk_wiz_0/inst/mmcme4_adv_inst/CLKOUT0
                         net (fo=1, routed)           0.179     1.628    kria_bd_i/clk_wiz_0/inst/clk_out1_kria_bd_clk_wiz_0_5
    BUFGCE_X0Y76         BUFGCE (Prop_BUFCE_BUFGCE_I_O)
                                                      0.023     1.651 r  kria_bd_i/clk_wiz_0/inst/clkout1_buf/O
    X0Y3 (CLOCK_ROOT)    net (fo=666, routed)         1.003     2.654    kria_bd_i/axi_smc/inst/clk_map/psr_aclk/U0/aclk
    SLICE_X6Y205         FDRE                                         r  kria_bd_i/axi_smc/inst/clk_map/psr_aclk/U0/ACTIVE_LOW_BSR_OUT_DFF[0].FDRE_BSR_N/C
  -------------------------------------------------------------------    -------------------
    SLICE_X6Y205         FDRE (Prop_HFF_SLICEL_C_Q)
                                                      0.084     2.738 r  kria_bd_i/axi_smc/inst/clk_map/psr_aclk/U0/ACTIVE_LOW_BSR_OUT_DFF[0].FDRE_BSR_N/Q
                         net (fo=27, routed)          0.098     2.835    <hidden>
    SLICE_X5Y203         FDCE                                         f  <hidden>  (IS_INVERTED)
  -------------------------------------------------------------------    -------------------

                         (clock clk_out1_kria_bd_clk_wiz_0_5 rise edge)
                                                      0.000     0.000 r  
    BUFG_PS_X0Y81        BUFG_PS                      0.000     0.000 r  kria_bd_i/zynq_ultra_ps_e_0/U0/buffer_pl_clk_0.PL_CLK_0_BUFG/O
                         net (fo=1, routed)           0.964     0.964    kria_bd_i/clk_wiz_0/inst/clk_in1
    MMCM_X0Y3            MMCME4_ADV (Prop_MMCM_CLKIN1_CLKOUT0)
                                                     -0.079     0.885 r  kria_bd_i/clk_wiz_0/inst/mmcme4_adv_inst/CLKOUT0
                         net (fo=1, routed)           0.204     1.089    kria_bd_i/clk_wiz_0/inst/clk_out1_kria_bd_clk_wiz_0_5
    BUFGCE_X0Y76         BUFGCE (Prop_BUFCE_BUFGCE_I_O)
                                                      0.026     1.115 r  kria_bd_i/clk_wiz_0/inst/clkout1_buf/O
    X0Y3 (CLOCK_ROOT)    net (fo=666, routed)         1.095     2.210    <hidden>
    SLICE_X5Y203         FDCE                                         r  <hidden>

Slack:                    inf
  Source:                 kria_bd_i/axi_smc/inst/clk_map/psr_aclk/U0/ACTIVE_LOW_BSR_OUT_DFF[0].FDRE_BSR_N/C
                            (rising edge-triggered cell FDRE clocked by clk_out1_kria_bd_clk_wiz_0_5  {rise@0.000ns fall@5.000ns period=10.000ns})
  Destination:            <hidden>
                            (removal check against rising-edge clock clk_out1_kria_bd_clk_wiz_0_5  {rise@0.000ns fall@5.000ns period=10.000ns})
  Path Group:             (none)
  Path Type:              Removal (Min at Fast Process Corner)
  Data Path Delay:        0.182ns  (logic 0.084ns (46.169%)  route 0.098ns (53.831%))
  Logic Levels:           0  
  Clock Path Skew:        -0.444ns (DCD - SCD - CPR)
    Destination Clock Delay (DCD):    2.210ns
    Source Clock Delay      (SCD):    2.654ns
    Clock Pessimism Removal (CPR):    -0.000ns
  Clock Uncertainty:      0.068ns  ((TSJ^2 + DJ^2)^1/2) / 2 + PE
    Total System Jitter     (TSJ):    0.071ns
    Discrete Jitter          (DJ):    0.116ns
    Phase Error              (PE):    0.000ns
  Clock Net Delay (Source):      1.003ns (routing 0.451ns, distribution 0.552ns)
  Clock Net Delay (Destination): 1.095ns (routing 0.487ns, distribution 0.608ns)
  Timing Exception:       False Path

    Location             Delay type                Incr(ns)  Path(ns)    Netlist Resource(s)
  -------------------------------------------------------------------    -------------------
                         (clock clk_out1_kria_bd_clk_wiz_0_5 rise edge)
                                                      0.000     0.000 r  
    BUFG_PS_X0Y81        BUFG_PS                      0.000     0.000 r  kria_bd_i/zynq_ultra_ps_e_0/U0/buffer_pl_clk_0.PL_CLK_0_BUFG/O
                         net (fo=1, routed)           0.883     0.883    kria_bd_i/clk_wiz_0/inst/clk_in1
    MMCM_X0Y3            MMCME4_ADV (Prop_MMCM_CLKIN1_CLKOUT0)
                                                      0.566     1.449 r  kria_bd_i/clk_wiz_0/inst/mmcme4_adv_inst/CLKOUT0
                         net (fo=1, routed)           0.179     1.628    kria_bd_i/clk_wiz_0/inst/clk_out1_kria_bd_clk_wiz_0_5
    BUFGCE_X0Y76         BUFGCE (Prop_BUFCE_BUFGCE_I_O)
                                                      0.023     1.651 r  kria_bd_i/clk_wiz_0/inst/clkout1_buf/O
    X0Y3 (CLOCK_ROOT)    net (fo=666, routed)         1.003     2.654    kria_bd_i/axi_smc/inst/clk_map/psr_aclk/U0/aclk
    SLICE_X6Y205         FDRE                                         r  kria_bd_i/axi_smc/inst/clk_map/psr_aclk/U0/ACTIVE_LOW_BSR_OUT_DFF[0].FDRE_BSR_N/C
  -------------------------------------------------------------------    -------------------
    SLICE_X6Y205         FDRE (Prop_HFF_SLICEL_C_Q)
                                                      0.084     2.738 r  kria_bd_i/axi_smc/inst/clk_map/psr_aclk/U0/ACTIVE_LOW_BSR_OUT_DFF[0].FDRE_BSR_N/Q
                         net (fo=27, routed)          0.098     2.835    <hidden>
    SLICE_X5Y203         FDCE                                         f  <hidden>  (IS_INVERTED)
  -------------------------------------------------------------------    -------------------

                         (clock clk_out1_kria_bd_clk_wiz_0_5 rise edge)
                                                      0.000     0.000 r  
    BUFG_PS_X0Y81        BUFG_PS                      0.000     0.000 r  kria_bd_i/zynq_ultra_ps_e_0/U0/buffer_pl_clk_0.PL_CLK_0_BUFG/O
                         net (fo=1, routed)           0.964     0.964    kria_bd_i/clk_wiz_0/inst/clk_in1
    MMCM_X0Y3            MMCME4_ADV (Prop_MMCM_CLKIN1_CLKOUT0)
                                                     -0.079     0.885 r  kria_bd_i/clk_wiz_0/inst/mmcme4_adv_inst/CLKOUT0
                         net (fo=1, routed)           0.204     1.089    kria_bd_i/clk_wiz_0/inst/clk_out1_kria_bd_clk_wiz_0_5
    BUFGCE_X0Y76         BUFGCE (Prop_BUFCE_BUFGCE_I_O)
                                                      0.026     1.115 r  kria_bd_i/clk_wiz_0/inst/clkout1_buf/O
    X0Y3 (CLOCK_ROOT)    net (fo=666, routed)         1.095     2.210    <hidden>
    SLICE_X5Y203         FDCE                                         r  <hidden>

Slack:                    inf
  Source:                 kria_bd_i/axi_smc/inst/clk_map/psr_aclk/U0/ACTIVE_LOW_BSR_OUT_DFF[0].FDRE_BSR_N/C
                            (rising edge-triggered cell FDRE clocked by clk_out1_kria_bd_clk_wiz_0_5  {rise@0.000ns fall@5.000ns period=10.000ns})
  Destination:            <hidden>
                            (removal check against rising-edge clock clk_out1_kria_bd_clk_wiz_0_5  {rise@0.000ns fall@5.000ns period=10.000ns})
  Path Group:             (none)
  Path Type:              Removal (Min at Fast Process Corner)
  Data Path Delay:        0.223ns  (logic 0.084ns (37.661%)  route 0.139ns (62.339%))
  Logic Levels:           0  
  Clock Path Skew:        -0.438ns (DCD - SCD - CPR)
    Destination Clock Delay (DCD):    2.215ns
    Source Clock Delay      (SCD):    2.654ns
    Clock Pessimism Removal (CPR):    -0.000ns
  Clock Uncertainty:      0.068ns  ((TSJ^2 + DJ^2)^1/2) / 2 + PE
    Total System Jitter     (TSJ):    0.071ns
    Discrete Jitter          (DJ):    0.116ns
    Phase Error              (PE):    0.000ns
  Clock Net Delay (Source):      1.003ns (routing 0.451ns, distribution 0.552ns)
  Clock Net Delay (Destination): 1.100ns (routing 0.487ns, distribution 0.613ns)
  Timing Exception:       False Path

    Location             Delay type                Incr(ns)  Path(ns)    Netlist Resource(s)
  -------------------------------------------------------------------    -------------------
                         (clock clk_out1_kria_bd_clk_wiz_0_5 rise edge)
                                                      0.000     0.000 r  
    BUFG_PS_X0Y81        BUFG_PS                      0.000     0.000 r  kria_bd_i/zynq_ultra_ps_e_0/U0/buffer_pl_clk_0.PL_CLK_0_BUFG/O
                         net (fo=1, routed)           0.883     0.883    kria_bd_i/clk_wiz_0/inst/clk_in1
    MMCM_X0Y3            MMCME4_ADV (Prop_MMCM_CLKIN1_CLKOUT0)
                                                      0.566     1.449 r  kria_bd_i/clk_wiz_0/inst/mmcme4_adv_inst/CLKOUT0
                         net (fo=1, routed)           0.179     1.628    kria_bd_i/clk_wiz_0/inst/clk_out1_kria_bd_clk_wiz_0_5
    BUFGCE_X0Y76         BUFGCE (Prop_BUFCE_BUFGCE_I_O)
                                                      0.023     1.651 r  kria_bd_i/clk_wiz_0/inst/clkout1_buf/O
    X0Y3 (CLOCK_ROOT)    net (fo=666, routed)         1.003     2.654    kria_bd_i/axi_smc/inst/clk_map/psr_aclk/U0/aclk
    SLICE_X6Y205         FDRE                                         r  kria_bd_i/axi_smc/inst/clk_map/psr_aclk/U0/ACTIVE_LOW_BSR_OUT_DFF[0].FDRE_BSR_N/C
  -------------------------------------------------------------------    -------------------
    SLICE_X6Y205         FDRE (Prop_HFF_SLICEL_C_Q)
                                                      0.084     2.738 r  kria_bd_i/axi_smc/inst/clk_map/psr_aclk/U0/ACTIVE_LOW_BSR_OUT_DFF[0].FDRE_BSR_N/Q
                         net (fo=27, routed)          0.139     2.877    <hidden>
    SLICE_X6Y197         FDCE                                         f  <hidden>  (IS_INVERTED)
  -------------------------------------------------------------------    -------------------

                         (clock clk_out1_kria_bd_clk_wiz_0_5 rise edge)
                                                      0.000     0.000 r  
    BUFG_PS_X0Y81        BUFG_PS                      0.000     0.000 r  kria_bd_i/zynq_ultra_ps_e_0/U0/buffer_pl_clk_0.PL_CLK_0_BUFG/O
                         net (fo=1, routed)           0.964     0.964    kria_bd_i/clk_wiz_0/inst/clk_in1
    MMCM_X0Y3            MMCME4_ADV (Prop_MMCM_CLKIN1_CLKOUT0)
                                                     -0.079     0.885 r  kria_bd_i/clk_wiz_0/inst/mmcme4_adv_inst/CLKOUT0
                         net (fo=1, routed)           0.204     1.089    kria_bd_i/clk_wiz_0/inst/clk_out1_kria_bd_clk_wiz_0_5
    BUFGCE_X0Y76         BUFGCE (Prop_BUFCE_BUFGCE_I_O)
                                                      0.026     1.115 r  kria_bd_i/clk_wiz_0/inst/clkout1_buf/O
    X0Y3 (CLOCK_ROOT)    net (fo=666, routed)         1.100     2.215    <hidden>
    SLICE_X6Y197         FDCE                                         r  <hidden>

Slack:                    inf
  Source:                 kria_bd_i/axi_smc/inst/clk_map/psr_aclk/U0/ACTIVE_LOW_BSR_OUT_DFF[0].FDRE_BSR_N/C
                            (rising edge-triggered cell FDRE clocked by clk_out1_kria_bd_clk_wiz_0_5  {rise@0.000ns fall@5.000ns period=10.000ns})
  Destination:            <hidden>
                            (removal check against rising-edge clock clk_out1_kria_bd_clk_wiz_0_5  {rise@0.000ns fall@5.000ns period=10.000ns})
  Path Group:             (none)
  Path Type:              Removal (Min at Fast Process Corner)
  Data Path Delay:        0.223ns  (logic 0.084ns (37.661%)  route 0.139ns (62.339%))
  Logic Levels:           0  
  Clock Path Skew:        -0.438ns (DCD - SCD - CPR)
    Destination Clock Delay (DCD):    2.215ns
    Source Clock Delay      (SCD):    2.654ns
    Clock Pessimism Removal (CPR):    -0.000ns
  Clock Uncertainty:      0.068ns  ((TSJ^2 + DJ^2)^1/2) / 2 + PE
    Total System Jitter     (TSJ):    0.071ns
    Discrete Jitter          (DJ):    0.116ns
    Phase Error              (PE):    0.000ns
  Clock Net Delay (Source):      1.003ns (routing 0.451ns, distribution 0.552ns)
  Clock Net Delay (Destination): 1.100ns (routing 0.487ns, distribution 0.613ns)
  Timing Exception:       False Path

    Location             Delay type                Incr(ns)  Path(ns)    Netlist Resource(s)
  -------------------------------------------------------------------    -------------------
                         (clock clk_out1_kria_bd_clk_wiz_0_5 rise edge)
                                                      0.000     0.000 r  
    BUFG_PS_X0Y81        BUFG_PS                      0.000     0.000 r  kria_bd_i/zynq_ultra_ps_e_0/U0/buffer_pl_clk_0.PL_CLK_0_BUFG/O
                         net (fo=1, routed)           0.883     0.883    kria_bd_i/clk_wiz_0/inst/clk_in1
    MMCM_X0Y3            MMCME4_ADV (Prop_MMCM_CLKIN1_CLKOUT0)
                                                      0.566     1.449 r  kria_bd_i/clk_wiz_0/inst/mmcme4_adv_inst/CLKOUT0
                         net (fo=1, routed)           0.179     1.628    kria_bd_i/clk_wiz_0/inst/clk_out1_kria_bd_clk_wiz_0_5
    BUFGCE_X0Y76         BUFGCE (Prop_BUFCE_BUFGCE_I_O)
                                                      0.023     1.651 r  kria_bd_i/clk_wiz_0/inst/clkout1_buf/O
    X0Y3 (CLOCK_ROOT)    net (fo=666, routed)         1.003     2.654    kria_bd_i/axi_smc/inst/clk_map/psr_aclk/U0/aclk
    SLICE_X6Y205         FDRE                                         r  kria_bd_i/axi_smc/inst/clk_map/psr_aclk/U0/ACTIVE_LOW_BSR_OUT_DFF[0].FDRE_BSR_N/C
  -------------------------------------------------------------------    -------------------
    SLICE_X6Y205         FDRE (Prop_HFF_SLICEL_C_Q)
                                                      0.084     2.738 r  kria_bd_i/axi_smc/inst/clk_map/psr_aclk/U0/ACTIVE_LOW_BSR_OUT_DFF[0].FDRE_BSR_N/Q
                         net (fo=27, routed)          0.139     2.877    <hidden>
    SLICE_X6Y197         FDCE                                         f  <hidden>  (IS_INVERTED)
  -------------------------------------------------------------------    -------------------

                         (clock clk_out1_kria_bd_clk_wiz_0_5 rise edge)
                                                      0.000     0.000 r  
    BUFG_PS_X0Y81        BUFG_PS                      0.000     0.000 r  kria_bd_i/zynq_ultra_ps_e_0/U0/buffer_pl_clk_0.PL_CLK_0_BUFG/O
                         net (fo=1, routed)           0.964     0.964    kria_bd_i/clk_wiz_0/inst/clk_in1
    MMCM_X0Y3            MMCME4_ADV (Prop_MMCM_CLKIN1_CLKOUT0)
                                                     -0.079     0.885 r  kria_bd_i/clk_wiz_0/inst/mmcme4_adv_inst/CLKOUT0
                         net (fo=1, routed)           0.204     1.089    kria_bd_i/clk_wiz_0/inst/clk_out1_kria_bd_clk_wiz_0_5
    BUFGCE_X0Y76         BUFGCE (Prop_BUFCE_BUFGCE_I_O)
                                                      0.026     1.115 r  kria_bd_i/clk_wiz_0/inst/clkout1_buf/O
    X0Y3 (CLOCK_ROOT)    net (fo=666, routed)         1.100     2.215    <hidden>
    SLICE_X6Y197         FDCE                                         r  <hidden>

Slack:                    inf
  Source:                 kria_bd_i/axi_smc/inst/clk_map/psr_aclk/U0/ACTIVE_LOW_BSR_OUT_DFF[0].FDRE_BSR_N/C
                            (rising edge-triggered cell FDRE clocked by clk_out1_kria_bd_clk_wiz_0_5  {rise@0.000ns fall@5.000ns period=10.000ns})
  Destination:            <hidden>
                            (removal check against rising-edge clock clk_out1_kria_bd_clk_wiz_0_5  {rise@0.000ns fall@5.000ns period=10.000ns})
  Path Group:             (none)
  Path Type:              Removal (Min at Fast Process Corner)
  Data Path Delay:        0.223ns  (logic 0.084ns (37.661%)  route 0.139ns (62.339%))
  Logic Levels:           0  
  Clock Path Skew:        -0.438ns (DCD - SCD - CPR)
    Destination Clock Delay (DCD):    2.215ns
    Source Clock Delay      (SCD):    2.654ns
    Clock Pessimism Removal (CPR):    -0.000ns
  Clock Uncertainty:      0.068ns  ((TSJ^2 + DJ^2)^1/2) / 2 + PE
    Total System Jitter     (TSJ):    0.071ns
    Discrete Jitter          (DJ):    0.116ns
    Phase Error              (PE):    0.000ns
  Clock Net Delay (Source):      1.003ns (routing 0.451ns, distribution 0.552ns)
  Clock Net Delay (Destination): 1.100ns (routing 0.487ns, distribution 0.613ns)
  Timing Exception:       False Path

    Location             Delay type                Incr(ns)  Path(ns)    Netlist Resource(s)
  -------------------------------------------------------------------    -------------------
                         (clock clk_out1_kria_bd_clk_wiz_0_5 rise edge)
                                                      0.000     0.000 r  
    BUFG_PS_X0Y81        BUFG_PS                      0.000     0.000 r  kria_bd_i/zynq_ultra_ps_e_0/U0/buffer_pl_clk_0.PL_CLK_0_BUFG/O
                         net (fo=1, routed)           0.883     0.883    kria_bd_i/clk_wiz_0/inst/clk_in1
    MMCM_X0Y3            MMCME4_ADV (Prop_MMCM_CLKIN1_CLKOUT0)
                                                      0.566     1.449 r  kria_bd_i/clk_wiz_0/inst/mmcme4_adv_inst/CLKOUT0
                         net (fo=1, routed)           0.179     1.628    kria_bd_i/clk_wiz_0/inst/clk_out1_kria_bd_clk_wiz_0_5
    BUFGCE_X0Y76         BUFGCE (Prop_BUFCE_BUFGCE_I_O)
                                                      0.023     1.651 r  kria_bd_i/clk_wiz_0/inst/clkout1_buf/O
    X0Y3 (CLOCK_ROOT)    net (fo=666, routed)         1.003     2.654    kria_bd_i/axi_smc/inst/clk_map/psr_aclk/U0/aclk
    SLICE_X6Y205         FDRE                                         r  kria_bd_i/axi_smc/inst/clk_map/psr_aclk/U0/ACTIVE_LOW_BSR_OUT_DFF[0].FDRE_BSR_N/C
  -------------------------------------------------------------------    -------------------
    SLICE_X6Y205         FDRE (Prop_HFF_SLICEL_C_Q)
                                                      0.084     2.738 r  kria_bd_i/axi_smc/inst/clk_map/psr_aclk/U0/ACTIVE_LOW_BSR_OUT_DFF[0].FDRE_BSR_N/Q
                         net (fo=27, routed)          0.139     2.877    <hidden>
    SLICE_X6Y197         FDCE                                         f  <hidden>  (IS_INVERTED)
  -------------------------------------------------------------------    -------------------

                         (clock clk_out1_kria_bd_clk_wiz_0_5 rise edge)
                                                      0.000     0.000 r  
    BUFG_PS_X0Y81        BUFG_PS                      0.000     0.000 r  kria_bd_i/zynq_ultra_ps_e_0/U0/buffer_pl_clk_0.PL_CLK_0_BUFG/O
                         net (fo=1, routed)           0.964     0.964    kria_bd_i/clk_wiz_0/inst/clk_in1
    MMCM_X0Y3            MMCME4_ADV (Prop_MMCM_CLKIN1_CLKOUT0)
                                                     -0.079     0.885 r  kria_bd_i/clk_wiz_0/inst/mmcme4_adv_inst/CLKOUT0
                         net (fo=1, routed)           0.204     1.089    kria_bd_i/clk_wiz_0/inst/clk_out1_kria_bd_clk_wiz_0_5
    BUFGCE_X0Y76         BUFGCE (Prop_BUFCE_BUFGCE_I_O)
                                                      0.026     1.115 r  kria_bd_i/clk_wiz_0/inst/clkout1_buf/O
    X0Y3 (CLOCK_ROOT)    net (fo=666, routed)         1.100     2.215    <hidden>
    SLICE_X6Y197         FDCE                                         r  <hidden>

Slack:                    inf
  Source:                 kria_bd_i/axi_smc/inst/clk_map/psr_aclk/U0/ACTIVE_LOW_BSR_OUT_DFF[0].FDRE_BSR_N/C
                            (rising edge-triggered cell FDRE clocked by clk_out1_kria_bd_clk_wiz_0_5  {rise@0.000ns fall@5.000ns period=10.000ns})
  Destination:            <hidden>
                            (removal check against rising-edge clock clk_out1_kria_bd_clk_wiz_0_5  {rise@0.000ns fall@5.000ns period=10.000ns})
  Path Group:             (none)
  Path Type:              Removal (Min at Fast Process Corner)
  Data Path Delay:        0.230ns  (logic 0.084ns (36.475%)  route 0.146ns (63.526%))
  Logic Levels:           0  
  Clock Path Skew:        -0.441ns (DCD - SCD - CPR)
    Destination Clock Delay (DCD):    2.213ns
    Source Clock Delay      (SCD):    2.654ns
    Clock Pessimism Removal (CPR):    -0.000ns
  Clock Uncertainty:      0.068ns  ((TSJ^2 + DJ^2)^1/2) / 2 + PE
    Total System Jitter     (TSJ):    0.071ns
    Discrete Jitter          (DJ):    0.116ns
    Phase Error              (PE):    0.000ns
  Clock Net Delay (Source):      1.003ns (routing 0.451ns, distribution 0.552ns)
  Clock Net Delay (Destination): 1.098ns (routing 0.487ns, distribution 0.611ns)
  Timing Exception:       False Path

    Location             Delay type                Incr(ns)  Path(ns)    Netlist Resource(s)
  -------------------------------------------------------------------    -------------------
                         (clock clk_out1_kria_bd_clk_wiz_0_5 rise edge)
                                                      0.000     0.000 r  
    BUFG_PS_X0Y81        BUFG_PS                      0.000     0.000 r  kria_bd_i/zynq_ultra_ps_e_0/U0/buffer_pl_clk_0.PL_CLK_0_BUFG/O
                         net (fo=1, routed)           0.883     0.883    kria_bd_i/clk_wiz_0/inst/clk_in1
    MMCM_X0Y3            MMCME4_ADV (Prop_MMCM_CLKIN1_CLKOUT0)
                                                      0.566     1.449 r  kria_bd_i/clk_wiz_0/inst/mmcme4_adv_inst/CLKOUT0
                         net (fo=1, routed)           0.179     1.628    kria_bd_i/clk_wiz_0/inst/clk_out1_kria_bd_clk_wiz_0_5
    BUFGCE_X0Y76         BUFGCE (Prop_BUFCE_BUFGCE_I_O)
                                                      0.023     1.651 r  kria_bd_i/clk_wiz_0/inst/clkout1_buf/O
    X0Y3 (CLOCK_ROOT)    net (fo=666, routed)         1.003     2.654    kria_bd_i/axi_smc/inst/clk_map/psr_aclk/U0/aclk
    SLICE_X6Y205         FDRE                                         r  kria_bd_i/axi_smc/inst/clk_map/psr_aclk/U0/ACTIVE_LOW_BSR_OUT_DFF[0].FDRE_BSR_N/C
  -------------------------------------------------------------------    -------------------
    SLICE_X6Y205         FDRE (Prop_HFF_SLICEL_C_Q)
                                                      0.084     2.738 r  kria_bd_i/axi_smc/inst/clk_map/psr_aclk/U0/ACTIVE_LOW_BSR_OUT_DFF[0].FDRE_BSR_N/Q
                         net (fo=27, routed)          0.146     2.884    <hidden>
    SLICE_X3Y204         FDCE                                         f  <hidden>  (IS_INVERTED)
  -------------------------------------------------------------------    -------------------

                         (clock clk_out1_kria_bd_clk_wiz_0_5 rise edge)
                                                      0.000     0.000 r  
    BUFG_PS_X0Y81        BUFG_PS                      0.000     0.000 r  kria_bd_i/zynq_ultra_ps_e_0/U0/buffer_pl_clk_0.PL_CLK_0_BUFG/O
                         net (fo=1, routed)           0.964     0.964    kria_bd_i/clk_wiz_0/inst/clk_in1
    MMCM_X0Y3            MMCME4_ADV (Prop_MMCM_CLKIN1_CLKOUT0)
                                                     -0.079     0.885 r  kria_bd_i/clk_wiz_0/inst/mmcme4_adv_inst/CLKOUT0
                         net (fo=1, routed)           0.204     1.089    kria_bd_i/clk_wiz_0/inst/clk_out1_kria_bd_clk_wiz_0_5
    BUFGCE_X0Y76         BUFGCE (Prop_BUFCE_BUFGCE_I_O)
                                                      0.026     1.115 r  kria_bd_i/clk_wiz_0/inst/clkout1_buf/O
    X0Y3 (CLOCK_ROOT)    net (fo=666, routed)         1.098     2.213    <hidden>
    SLICE_X3Y204         FDCE                                         r  <hidden>

Slack:                    inf
  Source:                 kria_bd_i/axi_smc/inst/clk_map/psr_aclk/U0/ACTIVE_LOW_BSR_OUT_DFF[0].FDRE_BSR_N/C
                            (rising edge-triggered cell FDRE clocked by clk_out1_kria_bd_clk_wiz_0_5  {rise@0.000ns fall@5.000ns period=10.000ns})
  Destination:            <hidden>
                            (removal check against rising-edge clock clk_out1_kria_bd_clk_wiz_0_5  {rise@0.000ns fall@5.000ns period=10.000ns})
  Path Group:             (none)
  Path Type:              Removal (Min at Fast Process Corner)
  Data Path Delay:        0.230ns  (logic 0.084ns (36.475%)  route 0.146ns (63.526%))
  Logic Levels:           0  
  Clock Path Skew:        -0.441ns (DCD - SCD - CPR)
    Destination Clock Delay (DCD):    2.213ns
    Source Clock Delay      (SCD):    2.654ns
    Clock Pessimism Removal (CPR):    -0.000ns
  Clock Uncertainty:      0.068ns  ((TSJ^2 + DJ^2)^1/2) / 2 + PE
    Total System Jitter     (TSJ):    0.071ns
    Discrete Jitter          (DJ):    0.116ns
    Phase Error              (PE):    0.000ns
  Clock Net Delay (Source):      1.003ns (routing 0.451ns, distribution 0.552ns)
  Clock Net Delay (Destination): 1.098ns (routing 0.487ns, distribution 0.611ns)
  Timing Exception:       False Path

    Location             Delay type                Incr(ns)  Path(ns)    Netlist Resource(s)
  -------------------------------------------------------------------    -------------------
                         (clock clk_out1_kria_bd_clk_wiz_0_5 rise edge)
                                                      0.000     0.000 r  
    BUFG_PS_X0Y81        BUFG_PS                      0.000     0.000 r  kria_bd_i/zynq_ultra_ps_e_0/U0/buffer_pl_clk_0.PL_CLK_0_BUFG/O
                         net (fo=1, routed)           0.883     0.883    kria_bd_i/clk_wiz_0/inst/clk_in1
    MMCM_X0Y3            MMCME4_ADV (Prop_MMCM_CLKIN1_CLKOUT0)
                                                      0.566     1.449 r  kria_bd_i/clk_wiz_0/inst/mmcme4_adv_inst/CLKOUT0
                         net (fo=1, routed)           0.179     1.628    kria_bd_i/clk_wiz_0/inst/clk_out1_kria_bd_clk_wiz_0_5
    BUFGCE_X0Y76         BUFGCE (Prop_BUFCE_BUFGCE_I_O)
                                                      0.023     1.651 r  kria_bd_i/clk_wiz_0/inst/clkout1_buf/O
    X0Y3 (CLOCK_ROOT)    net (fo=666, routed)         1.003     2.654    kria_bd_i/axi_smc/inst/clk_map/psr_aclk/U0/aclk
    SLICE_X6Y205         FDRE                                         r  kria_bd_i/axi_smc/inst/clk_map/psr_aclk/U0/ACTIVE_LOW_BSR_OUT_DFF[0].FDRE_BSR_N/C
  -------------------------------------------------------------------    -------------------
    SLICE_X6Y205         FDRE (Prop_HFF_SLICEL_C_Q)
                                                      0.084     2.738 r  kria_bd_i/axi_smc/inst/clk_map/psr_aclk/U0/ACTIVE_LOW_BSR_OUT_DFF[0].FDRE_BSR_N/Q
                         net (fo=27, routed)          0.146     2.884    <hidden>
    SLICE_X3Y204         FDCE                                         f  <hidden>  (IS_INVERTED)
  -------------------------------------------------------------------    -------------------

                         (clock clk_out1_kria_bd_clk_wiz_0_5 rise edge)
                                                      0.000     0.000 r  
    BUFG_PS_X0Y81        BUFG_PS                      0.000     0.000 r  kria_bd_i/zynq_ultra_ps_e_0/U0/buffer_pl_clk_0.PL_CLK_0_BUFG/O
                         net (fo=1, routed)           0.964     0.964    kria_bd_i/clk_wiz_0/inst/clk_in1
    MMCM_X0Y3            MMCME4_ADV (Prop_MMCM_CLKIN1_CLKOUT0)
                                                     -0.079     0.885 r  kria_bd_i/clk_wiz_0/inst/mmcme4_adv_inst/CLKOUT0
                         net (fo=1, routed)           0.204     1.089    kria_bd_i/clk_wiz_0/inst/clk_out1_kria_bd_clk_wiz_0_5
    BUFGCE_X0Y76         BUFGCE (Prop_BUFCE_BUFGCE_I_O)
                                                      0.026     1.115 r  kria_bd_i/clk_wiz_0/inst/clkout1_buf/O
    X0Y3 (CLOCK_ROOT)    net (fo=666, routed)         1.098     2.213    <hidden>
    SLICE_X3Y204         FDCE                                         r  <hidden>

Slack:                    inf
  Source:                 kria_bd_i/axi_smc/inst/clk_map/psr_aclk/U0/ACTIVE_LOW_BSR_OUT_DFF[0].FDRE_BSR_N/C
                            (rising edge-triggered cell FDRE clocked by clk_out1_kria_bd_clk_wiz_0_5  {rise@0.000ns fall@5.000ns period=10.000ns})
  Destination:            <hidden>
                            (removal check against rising-edge clock clk_out1_kria_bd_clk_wiz_0_5  {rise@0.000ns fall@5.000ns period=10.000ns})
  Path Group:             (none)
  Path Type:              Removal (Min at Fast Process Corner)
  Data Path Delay:        0.230ns  (logic 0.084ns (36.475%)  route 0.146ns (63.526%))
  Logic Levels:           0  
  Clock Path Skew:        -0.441ns (DCD - SCD - CPR)
    Destination Clock Delay (DCD):    2.213ns
    Source Clock Delay      (SCD):    2.654ns
    Clock Pessimism Removal (CPR):    -0.000ns
  Clock Uncertainty:      0.068ns  ((TSJ^2 + DJ^2)^1/2) / 2 + PE
    Total System Jitter     (TSJ):    0.071ns
    Discrete Jitter          (DJ):    0.116ns
    Phase Error              (PE):    0.000ns
  Clock Net Delay (Source):      1.003ns (routing 0.451ns, distribution 0.552ns)
  Clock Net Delay (Destination): 1.098ns (routing 0.487ns, distribution 0.611ns)
  Timing Exception:       False Path

    Location             Delay type                Incr(ns)  Path(ns)    Netlist Resource(s)
  -------------------------------------------------------------------    -------------------
                         (clock clk_out1_kria_bd_clk_wiz_0_5 rise edge)
                                                      0.000     0.000 r  
    BUFG_PS_X0Y81        BUFG_PS                      0.000     0.000 r  kria_bd_i/zynq_ultra_ps_e_0/U0/buffer_pl_clk_0.PL_CLK_0_BUFG/O
                         net (fo=1, routed)           0.883     0.883    kria_bd_i/clk_wiz_0/inst/clk_in1
    MMCM_X0Y3            MMCME4_ADV (Prop_MMCM_CLKIN1_CLKOUT0)
                                                      0.566     1.449 r  kria_bd_i/clk_wiz_0/inst/mmcme4_adv_inst/CLKOUT0
                         net (fo=1, routed)           0.179     1.628    kria_bd_i/clk_wiz_0/inst/clk_out1_kria_bd_clk_wiz_0_5
    BUFGCE_X0Y76         BUFGCE (Prop_BUFCE_BUFGCE_I_O)
                                                      0.023     1.651 r  kria_bd_i/clk_wiz_0/inst/clkout1_buf/O
    X0Y3 (CLOCK_ROOT)    net (fo=666, routed)         1.003     2.654    kria_bd_i/axi_smc/inst/clk_map/psr_aclk/U0/aclk
    SLICE_X6Y205         FDRE                                         r  kria_bd_i/axi_smc/inst/clk_map/psr_aclk/U0/ACTIVE_LOW_BSR_OUT_DFF[0].FDRE_BSR_N/C
  -------------------------------------------------------------------    -------------------
    SLICE_X6Y205         FDRE (Prop_HFF_SLICEL_C_Q)
                                                      0.084     2.738 r  kria_bd_i/axi_smc/inst/clk_map/psr_aclk/U0/ACTIVE_LOW_BSR_OUT_DFF[0].FDRE_BSR_N/Q
                         net (fo=27, routed)          0.146     2.884    <hidden>
    SLICE_X3Y204         FDCE                                         f  <hidden>  (IS_INVERTED)
  -------------------------------------------------------------------    -------------------

                         (clock clk_out1_kria_bd_clk_wiz_0_5 rise edge)
                                                      0.000     0.000 r  
    BUFG_PS_X0Y81        BUFG_PS                      0.000     0.000 r  kria_bd_i/zynq_ultra_ps_e_0/U0/buffer_pl_clk_0.PL_CLK_0_BUFG/O
                         net (fo=1, routed)           0.964     0.964    kria_bd_i/clk_wiz_0/inst/clk_in1
    MMCM_X0Y3            MMCME4_ADV (Prop_MMCM_CLKIN1_CLKOUT0)
                                                     -0.079     0.885 r  kria_bd_i/clk_wiz_0/inst/mmcme4_adv_inst/CLKOUT0
                         net (fo=1, routed)           0.204     1.089    kria_bd_i/clk_wiz_0/inst/clk_out1_kria_bd_clk_wiz_0_5
    BUFGCE_X0Y76         BUFGCE (Prop_BUFCE_BUFGCE_I_O)
                                                      0.026     1.115 r  kria_bd_i/clk_wiz_0/inst/clkout1_buf/O
    X0Y3 (CLOCK_ROOT)    net (fo=666, routed)         1.098     2.213    <hidden>
    SLICE_X3Y204         FDCE                                         r  <hidden>

Slack:                    inf
  Source:                 kria_bd_i/axi_smc/inst/clk_map/psr_aclk/U0/ACTIVE_LOW_BSR_OUT_DFF[0].FDRE_BSR_N/C
                            (rising edge-triggered cell FDRE clocked by clk_out1_kria_bd_clk_wiz_0_5  {rise@0.000ns fall@5.000ns period=10.000ns})
  Destination:            <hidden>
                            (removal check against rising-edge clock clk_out1_kria_bd_clk_wiz_0_5  {rise@0.000ns fall@5.000ns period=10.000ns})
  Path Group:             (none)
  Path Type:              Removal (Min at Fast Process Corner)
  Data Path Delay:        0.237ns  (logic 0.084ns (35.399%)  route 0.153ns (64.601%))
  Logic Levels:           0  
  Clock Path Skew:        -0.432ns (DCD - SCD - CPR)
    Destination Clock Delay (DCD):    2.222ns
    Source Clock Delay      (SCD):    2.654ns
    Clock Pessimism Removal (CPR):    -0.000ns
  Clock Uncertainty:      0.068ns  ((TSJ^2 + DJ^2)^1/2) / 2 + PE
    Total System Jitter     (TSJ):    0.071ns
    Discrete Jitter          (DJ):    0.116ns
    Phase Error              (PE):    0.000ns
  Clock Net Delay (Source):      1.003ns (routing 0.451ns, distribution 0.552ns)
  Clock Net Delay (Destination): 1.107ns (routing 0.487ns, distribution 0.620ns)
  Timing Exception:       False Path

    Location             Delay type                Incr(ns)  Path(ns)    Netlist Resource(s)
  -------------------------------------------------------------------    -------------------
                         (clock clk_out1_kria_bd_clk_wiz_0_5 rise edge)
                                                      0.000     0.000 r  
    BUFG_PS_X0Y81        BUFG_PS                      0.000     0.000 r  kria_bd_i/zynq_ultra_ps_e_0/U0/buffer_pl_clk_0.PL_CLK_0_BUFG/O
                         net (fo=1, routed)           0.883     0.883    kria_bd_i/clk_wiz_0/inst/clk_in1
    MMCM_X0Y3            MMCME4_ADV (Prop_MMCM_CLKIN1_CLKOUT0)
                                                      0.566     1.449 r  kria_bd_i/clk_wiz_0/inst/mmcme4_adv_inst/CLKOUT0
                         net (fo=1, routed)           0.179     1.628    kria_bd_i/clk_wiz_0/inst/clk_out1_kria_bd_clk_wiz_0_5
    BUFGCE_X0Y76         BUFGCE (Prop_BUFCE_BUFGCE_I_O)
                                                      0.023     1.651 r  kria_bd_i/clk_wiz_0/inst/clkout1_buf/O
    X0Y3 (CLOCK_ROOT)    net (fo=666, routed)         1.003     2.654    kria_bd_i/axi_smc/inst/clk_map/psr_aclk/U0/aclk
    SLICE_X6Y205         FDRE                                         r  kria_bd_i/axi_smc/inst/clk_map/psr_aclk/U0/ACTIVE_LOW_BSR_OUT_DFF[0].FDRE_BSR_N/C
  -------------------------------------------------------------------    -------------------
    SLICE_X6Y205         FDRE (Prop_HFF_SLICEL_C_Q)
                                                      0.084     2.738 r  kria_bd_i/axi_smc/inst/clk_map/psr_aclk/U0/ACTIVE_LOW_BSR_OUT_DFF[0].FDRE_BSR_N/Q
                         net (fo=27, routed)          0.153     2.891    <hidden>
    SLICE_X2Y204         FDCE                                         f  <hidden>  (IS_INVERTED)
  -------------------------------------------------------------------    -------------------

                         (clock clk_out1_kria_bd_clk_wiz_0_5 rise edge)
                                                      0.000     0.000 r  
    BUFG_PS_X0Y81        BUFG_PS                      0.000     0.000 r  kria_bd_i/zynq_ultra_ps_e_0/U0/buffer_pl_clk_0.PL_CLK_0_BUFG/O
                         net (fo=1, routed)           0.964     0.964    kria_bd_i/clk_wiz_0/inst/clk_in1
    MMCM_X0Y3            MMCME4_ADV (Prop_MMCM_CLKIN1_CLKOUT0)
                                                     -0.079     0.885 r  kria_bd_i/clk_wiz_0/inst/mmcme4_adv_inst/CLKOUT0
                         net (fo=1, routed)           0.204     1.089    kria_bd_i/clk_wiz_0/inst/clk_out1_kria_bd_clk_wiz_0_5
    BUFGCE_X0Y76         BUFGCE (Prop_BUFCE_BUFGCE_I_O)
                                                      0.026     1.115 r  kria_bd_i/clk_wiz_0/inst/clkout1_buf/O
    X0Y3 (CLOCK_ROOT)    net (fo=666, routed)         1.107     2.222    <hidden>
    SLICE_X2Y204         FDCE                                         r  <hidden>





--------------------------------------------------------------------------------------
Path Group:  (none)
From Clock:  
  To Clock:  clk_out1_kria_bd_clk_wiz_0_5

Max Delay             1 Endpoint
Min Delay             1 Endpoint
--------------------------------------------------------------------------------------


Max Delay Paths
--------------------------------------------------------------------------------------
Slack:                    inf
  Source:                 kria_bd_i/clk_wiz_0/inst/mmcme4_adv_inst/LOCKED
                            (internal pin)
  Destination:            kria_bd_i/proc_sys_reset_0/U0/EXT_LPF/lpf_int_reg/D
                            (rising edge-triggered cell FDRE clocked by clk_out1_kria_bd_clk_wiz_0_5  {rise@0.000ns fall@5.000ns period=10.000ns})
  Path Group:             (none)
  Path Type:              Setup (Max at Slow Process Corner)
  Data Path Delay:        1.523ns  (logic 0.224ns (14.708%)  route 1.299ns (85.292%))
  Logic Levels:           1  (LUT4=1)
  Clock Uncertainty:      0.150ns  ((TSJ^2 + DJ^2)^1/2) / 2 + PE
    Total System Jitter     (TSJ):    0.050ns
    Discrete Jitter          (DJ):    0.116ns
    Phase Error              (PE):    0.087ns
  Clock Net Delay (Destination): 1.660ns (routing 0.734ns, distribution 0.926ns)

    Location             Delay type                Incr(ns)  Path(ns)    Netlist Resource(s)
  -------------------------------------------------------------------    -------------------
    MMCM_X0Y3            MMCME4_ADV                   0.000     0.000 f  kria_bd_i/clk_wiz_0/inst/mmcme4_adv_inst/LOCKED
                         net (fo=1, routed)           1.232     1.232    kria_bd_i/proc_sys_reset_0/U0/EXT_LPF/dcm_locked
    SLICE_X6Y190         LUT4 (Prop_B6LUT_SLICEL_I0_O)
                                                      0.224     1.456 r  kria_bd_i/proc_sys_reset_0/U0/EXT_LPF/lpf_int0/O
                         net (fo=1, routed)           0.067     1.523    kria_bd_i/proc_sys_reset_0/U0/EXT_LPF/lpf_int0__0
    SLICE_X6Y190         FDRE                                         r  kria_bd_i/proc_sys_reset_0/U0/EXT_LPF/lpf_int_reg/D
  -------------------------------------------------------------------    -------------------

                         (clock clk_out1_kria_bd_clk_wiz_0_5 rise edge)
                                                      0.000     0.000 r  
    BUFG_PS_X0Y81        BUFG_PS                      0.000     0.000 r  kria_bd_i/zynq_ultra_ps_e_0/U0/buffer_pl_clk_0.PL_CLK_0_BUFG/O
                         net (fo=1, routed)           1.458     1.458    kria_bd_i/clk_wiz_0/inst/clk_in1
    MMCM_X0Y3            MMCME4_ADV (Prop_MMCM_CLKIN1_CLKOUT0)
                                                      0.739     2.197 r  kria_bd_i/clk_wiz_0/inst/mmcme4_adv_inst/CLKOUT0
                         net (fo=1, routed)           0.307     2.504    kria_bd_i/clk_wiz_0/inst/clk_out1_kria_bd_clk_wiz_0_5
    BUFGCE_X0Y76         BUFGCE (Prop_BUFCE_BUFGCE_I_O)
                                                      0.039     2.543 r  kria_bd_i/clk_wiz_0/inst/clkout1_buf/O
    X0Y3 (CLOCK_ROOT)    net (fo=666, routed)         1.660     4.203    kria_bd_i/proc_sys_reset_0/U0/EXT_LPF/slowest_sync_clk
    SLICE_X6Y190         FDRE                                         r  kria_bd_i/proc_sys_reset_0/U0/EXT_LPF/lpf_int_reg/C





Min Delay Paths
--------------------------------------------------------------------------------------
Slack:                    inf
  Source:                 kria_bd_i/clk_wiz_0/inst/mmcme4_adv_inst/LOCKED
                            (internal pin)
  Destination:            kria_bd_i/proc_sys_reset_0/U0/EXT_LPF/lpf_int_reg/D
                            (rising edge-triggered cell FDRE clocked by clk_out1_kria_bd_clk_wiz_0_5  {rise@0.000ns fall@5.000ns period=10.000ns})
  Path Group:             (none)
  Path Type:              Hold (Min at Fast Process Corner)
  Data Path Delay:        0.643ns  (logic 0.104ns (16.174%)  route 0.539ns (83.826%))
  Logic Levels:           1  (LUT4=1)
  Clock Uncertainty:      0.150ns  ((TSJ^2 + DJ^2)^1/2) / 2 + PE
    Total System Jitter     (TSJ):    0.050ns
    Discrete Jitter          (DJ):    0.116ns
    Phase Error              (PE):    0.087ns
  Clock Net Delay (Destination): 1.114ns (routing 0.487ns, distribution 0.627ns)

    Location             Delay type                Incr(ns)  Path(ns)    Netlist Resource(s)
  -------------------------------------------------------------------    -------------------
    MMCM_X0Y3            MMCME4_ADV                   0.000     0.000 f  kria_bd_i/clk_wiz_0/inst/mmcme4_adv_inst/LOCKED
                         net (fo=1, routed)           0.522     0.522    kria_bd_i/proc_sys_reset_0/U0/EXT_LPF/dcm_locked
    SLICE_X6Y190         LUT4 (Prop_B6LUT_SLICEL_I0_O)
                                                      0.104     0.626 r  kria_bd_i/proc_sys_reset_0/U0/EXT_LPF/lpf_int0/O
                         net (fo=1, routed)           0.017     0.643    kria_bd_i/proc_sys_reset_0/U0/EXT_LPF/lpf_int0__0
    SLICE_X6Y190         FDRE                                         r  kria_bd_i/proc_sys_reset_0/U0/EXT_LPF/lpf_int_reg/D
  -------------------------------------------------------------------    -------------------

                         (clock clk_out1_kria_bd_clk_wiz_0_5 rise edge)
                                                      0.000     0.000 r  
    BUFG_PS_X0Y81        BUFG_PS                      0.000     0.000 r  kria_bd_i/zynq_ultra_ps_e_0/U0/buffer_pl_clk_0.PL_CLK_0_BUFG/O
                         net (fo=1, routed)           0.964     0.964    kria_bd_i/clk_wiz_0/inst/clk_in1
    MMCM_X0Y3            MMCME4_ADV (Prop_MMCM_CLKIN1_CLKOUT0)
                                                     -0.079     0.885 r  kria_bd_i/clk_wiz_0/inst/mmcme4_adv_inst/CLKOUT0
                         net (fo=1, routed)           0.204     1.089    kria_bd_i/clk_wiz_0/inst/clk_out1_kria_bd_clk_wiz_0_5
    BUFGCE_X0Y76         BUFGCE (Prop_BUFCE_BUFGCE_I_O)
                                                      0.026     1.115 r  kria_bd_i/clk_wiz_0/inst/clkout1_buf/O
    X0Y3 (CLOCK_ROOT)    net (fo=666, routed)         1.114     2.229    kria_bd_i/proc_sys_reset_0/U0/EXT_LPF/slowest_sync_clk
    SLICE_X6Y190         FDRE                                         r  kria_bd_i/proc_sys_reset_0/U0/EXT_LPF/lpf_int_reg/C





